,Tm,Age,W,L,W/L%,PW,PL,ORtg,DRtg,NRtg,Pace,FTr,3PAr,TS%, ,eFG%,TOV%,ORB%,FT/FGA, ,eFG%,TOV%,DRB%,FT/FGA,Season Year
0,Boston Celtics,29.0,16,3,.842,14,5,117.7,109.0,+8.7,91.9,.230,.480,.589,,.555,11.1,23.7,.187,,.528,11.3,80.6,.125,2024
1,Oklahoma City Thunder,23.0,6,4,.600,7,3,112.0,105.4,+6.6,94.3,.216,.396,.563,,.530,10.7,20.8,.172,,.501,14.4,72.9,.170,2024
2,Orlando Magic,24.1,3,4,.429,5,2,106.0,101.3,+4.7,94.6,.299,.396,.527,,.481,13.2,26.7,.231,,.493,14.0,80.2,.195,2024
3,Minnesota Timberwolves,27.0,9,7,.563,10,6,117.0,112.5,+4.5,91.8,.285,.393,.576,,.538,11.6,26.3,.221,,.538,12.8,78.4,.222,2024
4,Dallas Mavericks,25.8,13,9,.591,13,9,114.7,111.9,+2.8,92.4,.273,.398,.569,,.540,11.9,26.1,.196,,.515,11.1,76.3,.191,2024
5,Indiana Pacers,25.5,8,9,.471,9,8,120.1,119.0,+1.1,93.7,.184,.372,.596,,.576,11.2,25.4,.137,,.542,10.5,73.5,.210,2024
6,Philadelphia 76ers,29.6,2,4,.333,3,3,116.9,117.1,-0.2,90.9,.296,.428,.574,,.525,11.2,25.6,.248,,.507,9.8,67.8,.196,2024
7,Denver Nuggets,27.3,7,5,.583,5,7,110.6,112.8,-2.2,92.4,.196,.371,.552,,.519,11.5,22.8,.162,,.541,11.1,79.5,.188,2024
8,New York Knicks,26.4,7,6,.538,6,7,118.7,120.9,-2.2,91.9,.278,.362,.558,,.521,10.2,31.4,.210,,.567,11.2,74.2,.189,2024
9,Los Angeles Lakers,29.3,1,4,.200,2,3,111.7,114.0,-2.3,95.3,.222,.348,.573,,.544,10.6,17.5,.170,,.521,10.2,74.8,.149,2024
10,Milwaukee Bucks,31.1,2,4,.333,2,4,116.0,119.0,-3.0,93.3,.245,.365,.576,,.538,10.0,22.1,.201,,.556,9.1,76.2,.140,2024
11,Cleveland Cavaliers,26.2,5,7,.417,4,8,105.8,111.8,-6.0,92.7,.204,.394,.540,,.510,11.8,18.6,.155,,.518,12.4,73.7,.210,2024
12,Los Angeles Clippers,30.5,2,4,.333,2,4,110.3,117.7,-7.4,90.9,.264,.385,.547,,.506,12.8,26.9,.209,,.535,10.9,72.0,.231,2024
13,Phoenix Suns,30.3,0,4,.000,1,3,110.4,126.4,-16.0,93.5,.370,.343,.586,,.528,13.9,18.2,.307,,.548,12.3,64.7,.287,2024
14,New Orleans Pelicans,26.9,0,4,.000,0,4,94.9,111.7,-16.8,94.3,.189,.388,.489,,.448,16.4,25.7,.163,,.563,12.7,81.6,.159,2024
15,Miami Heat,26.3,1,4,.200,1,4,101.6,118.8,-17.2,90.8,.148,.419,.533,,.507,11.8,13.3,.121,,.566,11.0,77.3,.192,2024
16,Denver Nuggets,26.8,16,4,.800,15,5,119.5,110.8,+8.7,94.4,.257,.349,.593,,.557,10.8,25.2,.206,,.515,10.4,80.7,.198,2023
17,Boston Celtics,27.7,11,9,.550,12,8,117.2,113.7,+3.5,95.0,.234,.452,.594,,.560,11.6,23.0,.189,,.527,11.4,77.5,.185,2023
18,Los Angeles Lakers,27.8,8,8,.500,9,7,113.7,111.3,+2.4,98.1,.285,.347,.573,,.529,10.9,21.1,.230,,.513,11.4,74.0,.148,2023
19,Miami Heat,29.0,13,10,.565,13,10,114.1,112.5,+1.6,94.5,.228,.388,.567,,.531,10.9,21.5,.185,,.534,12.6,74.9,.213,2023
20,New York Knicks,24.7,6,5,.545,6,5,108.9,108.5,+0.4,91.9,.329,.402,.537,,.492,13.6,30.8,.246,,.502,12.2,76.8,.206,2023
21,Golden State Warriors,28.6,6,7,.462,6,7,111.9,112.1,-0.2,101.0,.210,.454,.553,,.525,12.3,26.6,.158,,.511,11.0,75.3,.222,2023
22,Philadelphia 76ers,28.3,7,4,.636,5,6,111.2,112.8,-1.6,91.4,.227,.404,.555,,.510,11.8,23.5,.201,,.540,11.4,81.4,.197,2023
23,Sacramento Kings,25.3,3,4,.429,3,4,110.7,112.8,-2.1,102.7,.269,.416,.532,,.493,11.7,28.9,.205,,.527,12.3,73.8,.205,2023
24,Phoenix Suns,29.1,6,5,.545,5,6,117.0,119.4,-2.4,97.6,.269,.297,.588,,.550,11.1,22.9,.215,,.543,11.1,73.4,.231,2023
25,Milwaukee Bucks,30.8,1,4,.200,2,3,114.0,118.9,-4.9,102.1,.231,.445,.582,,.559,12.4,22.5,.164,,.605,13.0,82.2,.171,2023
26,Atlanta Hawks,25.2,2,4,.333,2,4,115.0,120.3,-5.3,100.7,.176,.388,.558,,.529,11.0,25.1,.144,,.600,11.6,78.5,.144,2023
27,Cleveland Cavaliers,25.0,1,4,.200,2,3,103.4,109.3,-5.9,91.1,.237,.390,.544,,.513,15.4,23.2,.176,,.480,13.8,65.1,.229,2023
28,Los Angeles Clippers,30.2,1,4,.200,2,3,117.1,123.6,-6.5,98.7,.298,.381,.577,,.529,12.3,26.8,.246,,.570,10.9,72.7,.268,2023
29,Memphis Grizzlies,24.1,2,4,.333,2,4,104.0,111.4,-7.4,99.0,.201,.404,.504,,.465,11.1,25.6,.168,,.523,12.9,74.6,.191,2023
30,Minnesota Timberwolves,27.4,1,4,.200,1,4,109.7,118.9,-9.2,94.1,.293,.390,.565,,.525,12.1,19.5,.225,,.552,11.0,75.1,.196,2023
31,Brooklyn Nets,27.3,0,4,.000,1,3,103.1,115.6,-12.5,89.7,.236,.447,.542,,.513,12.6,14.0,.172,,.529,12.6,68.8,.155,2023
32,Chicago Bulls,,0,0,,,,,,,,,,,,,,,,,,,,,2023
33,New Orleans Pelicans,,0,0,,,,,,,,,,,,,,,,,,,,,2023
34,Oklahoma City Thunder,,0,0,,,,,,,,,,,,,,,,,,,,,2023
35,Toronto Raptors,,0,0,,,,,,,,,,,,,,,,,,,,,2023
36,Golden State Warriors,28.2,16,6,.727,14,8,115.2,110.0,+5.2,97.1,.230,.433,.590,,.561,13.3,23.6,.176,,.522,12.7,77.5,.205,2022
37,Miami Heat,28.3,11,7,.611,11,7,110.6,106.6,+4.0,94.2,.253,.408,.550,,.509,12.0,23.3,.203,,.520,14.9,79.4,.251,2022
38,Boston Celtics,26.3,14,10,.583,15,9,110.7,107.0,+3.7,95.3,.283,.448,.574,,.533,13.8,21.9,.226,,.501,12.3,76.9,.181,2022
39,Memphis Grizzlies,23.9,6,6,.500,7,5,110.2,107.8,+2.4,102.1,.297,.392,.545,,.507,11.9,25.8,.218,,.530,15.6,77.7,.211,2022
40,Milwaukee Bucks,29.5,7,5,.583,7,5,104.4,102.8,+1.6,98.5,.236,.367,.529,,.498,12.4,21.6,.172,,.499,11.9,83.8,.168,2022
41,Dallas Mavericks,27.1,9,9,.500,9,9,114.9,114.1,+0.8,92.6,.289,.513,.584,,.546,10.1,15.7,.223,,.539,12.8,74.7,.214,2022
42,Philadelphia 76ers,27.4,6,6,.500,6,6,112.3,112.0,+0.3,92.2,.290,.426,.592,,.545,14.3,20.4,.246,,.512,11.0,75.8,.207,2022
43,Phoenix Suns,27.8,7,6,.538,6,7,115.6,116.7,-1.1,93.1,.229,.328,.591,,.557,12.7,24.2,.187,,.539,12.2,73.8,.237,2022
44,New Orleans Pelicans,25.5,2,4,.333,3,3,117.6,119.2,-1.6,93.4,.342,.312,.566,,.518,13.0,35.0,.267,,.575,10.7,80.3,.193,2022
45,Brooklyn Nets,29.5,0,4,.000,1,3,116.3,121.1,-4.8,93.8,.330,.349,.610,,.577,14.6,23.0,.244,,.562,12.9,69.9,.223,2022
46,Minnesota Timberwolves,24.8,2,4,.333,2,4,106.4,111.8,-5.4,102.6,.341,.435,.579,,.527,15.8,17.1,.276,,.519,13.6,72.5,.268,2022
47,Utah Jazz,29.1,2,4,.333,2,4,108.8,115.0,-6.2,91.0,.335,.378,.546,,.495,11.5,22.8,.264,,.540,8.7,85.5,.217,2022
48,Denver Nuggets,28.1,1,4,.200,1,4,113.6,121.8,-8.2,96.9,.304,.379,.586,,.543,14.9,28.0,.242,,.608,12.2,81.4,.230,2022
49,Toronto Raptors,25.3,2,4,.333,2,4,111.2,120.2,-9.0,91.2,.244,.382,.542,,.503,9.5,23.0,.194,,.576,14.0,76.7,.275,2022
50,Atlanta Hawks,25.5,1,4,.200,1,4,102.3,114.9,-12.6,95.2,.281,.448,.554,,.513,15.7,21.3,.220,,.542,12.2,79.0,.194,2022
51,Chicago Bulls,26.4,1,4,.200,1,4,94.9,109.4,-14.5,100.3,.160,.408,.493,,.461,11.9,15.8,.133,,.553,13.9,81.4,.170,2022
52,Philadelphia 76ers,27.3,7,5,.583,9,3,116.0,108.5,+7.5,100.2,.342,.331,.589,,.561,11.5,21.3,.234,,.502,11.2,78.8,.235,2021
53,Brooklyn Nets,28.7,7,5,.583,8,4,116.1,109.6,+6.5,96.1,.235,.413,.592,,.551,10.9,19.7,.204,,.502,11.6,75.0,.190,2021
54,Milwaukee Bucks,29.2,16,7,.696,15,8,112.9,107.6,+5.3,96.9,.228,.384,.550,,.524,11.3,27.8,.164,,.523,12.2,81.6,.160,2021
55,Phoenix Suns,26.6,14,8,.636,14,8,114.7,110.0,+4.7,95.1,.219,.350,.585,,.547,11.3,19.6,.188,,.507,10.9,76.1,.194,2021
56,Los Angeles Clippers,29.3,10,9,.526,12,7,120.2,115.9,+4.3,92.8,.290,.444,.604,,.562,10.4,21.5,.238,,.543,11.1,76.9,.173,2021
57,Utah Jazz,28.6,6,5,.545,5,6,121.4,122.3,-0.9,96.3,.288,.518,.616,,.579,12.4,23.7,.231,,.562,9.6,76.7,.208,2021
58,Portland Trail Blazers,28.5,2,4,.333,3,3,121.6,122.9,-1.3,95.0,.257,.443,.608,,.567,10.7,22.2,.219,,.555,9.9,73.5,.216,2021
59,Atlanta Hawks,25.6,10,8,.556,8,10,109.8,111.3,-1.5,96.8,.241,.394,.554,,.516,11.5,20.9,.192,,.520,11.6,75.0,.197,2021
60,Dallas Mavericks,26.2,3,4,.429,2,5,115.5,121.1,-5.6,91.8,.233,.407,.559,,.534,10.4,23.7,.164,,.571,10.9,77.4,.246,2021
61,Denver Nuggets,26.3,4,6,.400,3,7,116.8,122.4,-5.6,96.3,.227,.418,.566,,.536,9.9,25.1,.172,,.576,10.6,79.6,.223,2021
62,Los Angeles Lakers,29.1,2,4,.333,2,4,104.0,110.9,-6.9,93.8,.295,.396,.520,,.473,12.9,23.7,.229,,.530,12.1,80.3,.212,2021
63,New York Knicks,27.3,1,4,.200,1,4,103.5,111.0,-7.5,93.7,.252,.352,.505,,.458,11.3,24.6,.206,,.519,10.4,81.2,.189,2021
64,Memphis Grizzlies,24.0,1,4,.200,1,4,115.6,124.0,-8.4,99.5,.216,.335,.556,,.523,9.1,23.8,.172,,.586,12.2,75.4,.257,2021
65,Boston Celtics,25.0,1,4,.200,1,4,117.1,128.7,-11.6,95.8,.311,.415,.560,,.508,11.5,28.8,.256,,.582,10.6,73.5,.296,2021
66,Washington Wizards,27.4,1,4,.200,1,4,107.6,121.3,-13.7,102.2,.327,.273,.543,,.498,11.7,23.1,.246,,.575,10.3,77.4,.234,2021
67,Miami Heat,28.8,0,4,.000,0,4,96.6,116.8,-20.2,98.9,.227,.401,.499,,.462,12.5,17.1,.174,,.538,12.6,68.6,.177,2021
68,Los Angeles Lakers,29.3,16,5,.762,15,6,115.9,108.9,+7.0,97.3,.293,.407,.595,,.561,14.0,26.1,.222,,.525,13.6,81.9,.251,2020
69,Boston Celtics,25.0,10,7,.588,11,6,111.3,106.3,+5.0,96.4,.285,.429,.572,,.527,12.7,21.0,.233,,.490,11.5,80.5,.234,2020
70,Los Angeles Clippers,27.9,7,6,.538,8,5,115.4,111.1,+4.3,98.0,.291,.380,.585,,.544,11.8,21.5,.232,,.542,12.6,80.6,.209,2020
71,Toronto Raptors,27.1,7,4,.636,7,4,108.3,104.2,+4.1,99.1,.240,.455,.559,,.525,11.8,17.6,.187,,.507,13.7,82.2,.211,2020
72,Utah Jazz,26.8,3,4,.429,4,3,122.2,118.5,+3.7,91.5,.284,.455,.616,,.583,11.5,22.8,.220,,.554,11.4,75.1,.169,2020
73,Miami Heat,27.1,14,7,.667,12,9,113.5,111.5,+2.0,95.9,.322,.433,.587,,.537,12.3,19.1,.266,,.529,13.0,77.3,.215,2020
74,Milwaukee Bucks,29.8,5,5,.500,5,5,109.7,108.5,+1.2,100.3,.279,.426,.568,,.537,13.2,20.5,.202,,.527,13.5,83.8,.241,2020
75,Houston Rockets,30.2,5,7,.417,6,6,108.3,107.5,+0.8,98.6,.235,.545,.569,,.535,12.4,14.6,.186,,.534,15.4,78.0,.209,2020
76,Denver Nuggets,25.2,9,10,.474,8,11,113.6,116.0,-2.4,94.1,.260,.392,.584,,.545,13.2,23.0,.212,,.551,12.7,76.8,.233,2020
77,Oklahoma City Thunder,25.7,3,4,.429,2,5,102.4,108.7,-6.3,100.1,.281,.428,.542,,.500,15.0,20.1,.217,,.535,11.5,84.6,.146,2020
78,Orlando Magic,27.0,1,4,.200,1,4,102.5,111.3,-8.8,104.4,.237,.449,.547,,.505,13.0,13.5,.199,,.572,14.5,82.0,.177,2020
79,Dallas Mavericks,26.2,2,4,.333,1,5,112.7,122.0,-9.3,102.1,.297,.421,.580,,.549,11.2,16.9,.215,,.579,10.5,80.4,.248,2020
80,Portland Trail Blazers,26.6,1,4,.200,1,4,104.6,115.0,-10.4,101.9,.283,.347,.537,,.492,13.9,21.4,.224,,.552,13.0,72.7,.222,2020
81,Indiana Pacers,26.2,0,4,.000,1,3,104.2,115.1,-10.9,96.7,.252,.399,.565,,.530,14.6,13.7,.196,,.545,13.2,76.9,.288,2020
82,Philadelphia 76ers,26.4,0,4,.000,1,3,105.5,117.9,-12.4,95.2,.381,.360,.512,,.443,10.9,26.8,.310,,.523,9.7,77.6,.255,2020
83,Brooklyn Nets,25.4,0,4,.000,0,4,102.2,122.0,-19.8,103.5,.268,.504,.518,,.482,12.4,18.1,.195,,.592,10.6,79.1,.203,2020
84,Milwaukee Bucks,27.6,10,5,.667,11,4,111.8,103.1,+8.7,99.5,.317,.431,.560,,.523,11.0,21.7,.231,,.474,10.4,83.0,.207,2019
85,Toronto Raptors,28.4,16,8,.667,16,8,110.7,105.1,+5.6,95.4,.275,.407,.561,,.515,10.8,18.9,.228,,.491,13.5,77.7,.233,2019
86,Golden State Warriors,29.1,14,8,.636,13,9,116.2,112.7,+3.5,97.3,.282,.380,.589,,.548,13.1,24.8,.230,,.522,12.2,76.6,.243,2019
87,Houston Rockets,29.5,6,5,.545,7,4,111.8,108.5,+3.3,96.2,.290,.510,.574,,.537,13.3,23.1,.221,,.499,12.7,75.0,.217,2019
88,Philadelphia 76ers,27.2,7,5,.583,7,5,110.7,107.6,+3.1,98.2,.301,.331,.559,,.514,13.9,27.2,.238,,.488,10.8,79.6,.246,2019
89,Denver Nuggets,25.4,7,7,.500,8,6,115.0,113.0,+2.0,92.2,.279,.308,.539,,.496,8.3,27.4,.219,,.497,8.5,74.8,.212,2019
90,Boston Celtics,26.2,5,4,.556,4,5,103.0,104.4,-1.4,99.1,.288,.392,.539,,.491,12.8,16.6,.231,,.492,10.5,82.1,.199,2019
91,Portland Trail Blazers,26.6,8,8,.500,7,9,111.0,112.4,-1.4,95.7,.274,.363,.541,,.501,11.0,24.4,.210,,.503,11.1,72.4,.234,2019
92,San Antonio Spurs,28.3,3,4,.429,3,4,113.0,115.0,-2.0,91.4,.270,.233,.542,,.503,7.7,24.2,.208,,.516,8.3,76.8,.177,2019
93,Oklahoma City Thunder,26.2,1,4,.200,2,3,105.7,111.5,-5.8,99.6,.295,.365,.541,,.500,13.5,22.7,.223,,.519,12.2,75.7,.209,2019
94,Indiana Pacers,27.7,0,4,.000,1,3,97.2,105.1,-7.9,94.4,.246,.356,.496,,.461,10.8,16.6,.177,,.517,14.3,81.1,.206,2019
95,Utah Jazz,27.0,1,4,.200,1,4,99.8,109.2,-9.4,98.0,.296,.414,.501,,.455,13.0,24.9,.222,,.526,13.3,80.5,.219,2019
96,Los Angeles Clippers,26.7,2,4,.333,1,5,112.3,121.9,-9.6,102.1,.323,.355,.563,,.511,11.7,21.9,.264,,.574,12.5,74.5,.251,2019
97,Brooklyn Nets,25.3,1,4,.200,1,4,107.1,117.7,-10.6,104.0,.319,.372,.534,,.480,11.5,22.2,.258,,.542,13.0,67.9,.230,2019
98,Orlando Magic,25.9,1,4,.200,1,4,96.4,111.4,-15.0,95.5,.267,.419,.496,,.451,14.2,20.3,.207,,.550,11.6,82.8,.161,2019
99,Detroit Pistons,26.5,0,4,.000,0,4,97.5,121.1,-23.6,100.5,.171,.344,.471,,.444,8.8,19.8,.124,,.583,12.0,76.4,.246,2019
100,Golden State Warriors,28.4,16,5,.762,17,4,113.9,103.6,+10.3,96.5,.237,.365,.581,,.545,11.9,21.8,.195,,.481,12.3,77.6,.186,2018
101,Indiana Pacers,26.2,3,4,.429,5,2,110.9,104.6,+6.3,90.7,.241,.339,.567,,.542,12.9,21.6,.171,,.503,14.3,77.7,.238,2018
102,Philadelphia 76ers,26.5,5,5,.500,6,4,110.4,106.5,+3.9,97.5,.320,.331,.539,,.493,12.6,29.1,.243,,.514,12.7,80.8,.232,2018
103,Houston Rockets,29.8,11,6,.647,10,7,109.6,107.7,+1.9,95.7,.261,.466,.552,,.514,11.3,20.0,.201,,.530,13.2,80.1,.188,2018
104,Boston Celtics,24.8,11,8,.579,10,9,107.7,107.0,+0.7,93.1,.283,.367,.541,,.500,11.1,20.4,.217,,.518,12.9,79.5,.202,2018
105,Milwaukee Bucks,25.3,3,4,.429,3,4,108.8,109.4,-0.6,92.3,.254,.328,.585,,.561,13.1,14.7,.179,,.503,12.1,75.5,.219,2018
106,New Orleans Pelicans,26.8,5,4,.556,4,5,107.1,107.8,-0.7,102.7,.204,.301,.562,,.533,12.9,17.7,.160,,.514,12.0,78.8,.169,2018
107,Cleveland Cavaliers,30.3,12,10,.545,10,12,109.4,111.2,-1.8,91.6,.282,.370,.550,,.512,12.1,23.5,.212,,.529,11.5,79.4,.195,2018
108,Washington Wizards,27.0,2,4,.333,3,3,110.3,112.3,-2.0,97.2,.274,.256,.561,,.513,12.4,21.2,.233,,.539,13.1,78.1,.239,2018
109,Utah Jazz,25.6,5,6,.455,5,6,104.7,106.9,-2.2,97.8,.284,.361,.549,,.520,14.3,20.8,.195,,.505,11.6,80.8,.196,2018
110,Oklahoma City Thunder,27.9,2,4,.333,2,4,103.5,107.9,-4.4,97.8,.245,.333,.528,,.490,12.7,20.8,.189,,.521,13.7,75.4,.212,2018
111,Toronto Raptors,26.2,4,6,.400,4,6,112.0,116.6,-4.6,94.8,.290,.324,.578,,.536,13.1,23.2,.232,,.541,10.5,79.1,.217,2018
112,Portland Trail Blazers,25.6,0,4,.000,1,3,106.9,116.0,-9.1,98.7,.173,.354,.539,,.512,12.9,23.9,.135,,.582,13.0,81.1,.203,2018
113,Minnesota Timberwolves,27.6,1,4,.200,1,4,107.0,116.2,-9.2,95.0,.276,.264,.548,,.515,12.0,20.1,.201,,.531,7.9,80.3,.193,2018
114,San Antonio Spurs,30.2,1,4,.200,1,4,103.7,113.1,-9.4,93.3,.274,.337,.515,,.463,10.5,18.5,.229,,.535,12.9,73.7,.205,2018
115,Miami Heat,27.5,1,4,.200,1,4,103.0,113.7,-10.7,100.4,.345,.333,.542,,.507,14.4,20.7,.234,,.514,13.6,70.4,.279,2018
116,Golden State Warriors,28.3,16,1,.941,14,3,119.0,105.5,+13.5,100.3,.292,.378,.608,,.567,12.2,22.4,.238,,.487,12.3,76.6,.212,2017
117,Cleveland Cavaliers,29.3,13,5,.722,13,5,120.3,112.1,+8.2,96.6,.316,.408,.614,,.579,12.1,23.6,.242,,.521,11.9,76.1,.189,2017
118,Houston Rockets,28.1,6,5,.545,6,5,110.7,109.5,+1.2,96.4,.304,.452,.559,,.514,12.7,22.7,.240,,.502,11.1,71.7,.187,2017
119,San Antonio Spurs,29.5,8,8,.500,9,7,113.4,112.3,+1.1,93.2,.277,.282,.551,,.512,11.6,29.1,.214,,.539,13.1,78.5,.208,2017
120,Washington Wizards,26.1,7,6,.538,7,6,110.9,110.9,0.0,96.7,.281,.302,.549,,.505,12.3,26.6,.223,,.525,13.3,76.2,.244,2017
121,Milwaukee Bucks,25.0,2,4,.333,3,3,103.0,103.7,-0.7,90.5,.267,.277,.533,,.503,13.2,19.1,.186,,.494,14.4,80.6,.279,2017
122,Atlanta Hawks,27.2,2,4,.333,3,3,107.3,108.5,-1.2,98.4,.343,.323,.542,,.493,14.1,26.4,.262,,.502,11.8,77.3,.227,2017
123,Los Angeles Clippers,30.9,3,4,.429,3,4,108.8,110.0,-1.2,89.8,.312,.304,.558,,.526,12.2,19.9,.217,,.542,12.4,82.1,.223,2017
124,Boston Celtics,25.9,9,9,.500,7,11,111.4,114.5,-3.1,93.9,.242,.410,.566,,.532,12.6,22.2,.187,,.531,13.1,71.5,.227,2017
125,Indiana Pacers,26.4,0,4,.000,2,2,114.7,118.9,-4.2,94.8,.247,.330,.564,,.530,12.1,28.3,.190,,.565,11.9,75.2,.233,2017
126,Utah Jazz,27.8,4,7,.364,4,7,106.2,111.3,-5.1,92.1,.298,.331,.552,,.515,12.0,16.7,.218,,.533,11.4,81.3,.224,2017
127,Toronto Raptors,26.9,4,6,.400,3,7,103.8,109.9,-6.1,93.1,.283,.296,.541,,.493,12.6,17.3,.230,,.539,13.2,81.3,.222,2017
128,Chicago Bulls,26.6,2,4,.333,2,4,104.8,112.2,-7.4,92.1,.240,.285,.529,,.483,14.4,29.6,.204,,.534,11.8,78.5,.163,2017
129,Oklahoma City Thunder,25.3,1,4,.200,1,4,105.7,114.4,-8.7,98.6,.309,.309,.525,,.490,11.4,26.0,.213,,.513,13.1,74.8,.320,2017
130,Memphis Grizzlies,29.7,2,4,.333,1,5,110.3,119.8,-9.5,85.8,.263,.313,.559,,.510,11.6,20.3,.229,,.545,11.4,73.9,.266,2017
131,Portland Trail Blazers,24.8,0,4,.000,0,4,99.3,116.9,-17.6,102.3,.271,.380,.507,,.458,13.2,20.6,.218,,.556,11.1,81.0,.258,2017
132,San Antonio Spurs,30.7,6,4,.600,8,2,111.0,101.1,+9.9,91.9,.248,.232,.557,,.519,11.2,20.3,.199,,.467,14.2,71.7,.208,2016
133,Cleveland Cavaliers,28.0,16,5,.762,16,5,115.5,106.0,+9.5,90.7,.267,.370,.573,,.544,12.0,26.8,.193,,.510,12.8,79.0,.189,2016
134,Oklahoma City Thunder,25.6,11,7,.611,12,6,111.8,106.2,+5.6,95.2,.326,.295,.551,,.501,12.6,29.6,.256,,.499,11.5,78.7,.191,2016
135,Golden State Warriors,27.4,15,9,.625,15,9,110.5,106.1,+4.4,97.0,.272,.379,.562,,.529,12.7,23.9,.200,,.481,13.1,72.4,.226,2016
136,Miami Heat,28.7,7,7,.500,9,5,105.1,101.7,+3.4,90.2,.264,.238,.539,,.500,12.8,23.0,.202,,.451,10.4,80.5,.241,2016
137,Indiana Pacers,26.4,3,4,.429,4,3,105.5,103.9,+1.6,88.8,.319,.284,.549,,.495,14.5,23.5,.261,,.437,12.8,67.2,.246,2016
138,Los Angeles Clippers,29.3,2,4,.333,3,3,104.9,103.9,+1.0,93.7,.345,.229,.502,,.471,9.0,23.5,.216,,.467,12.0,71.3,.193,2016
139,Atlanta Hawks,28.3,4,6,.400,5,5,103.5,104.5,-1.0,95.7,.242,.375,.533,,.494,13.3,20.7,.192,,.487,12.7,75.0,.175,2016
140,Portland Trail Blazers,24.8,5,6,.455,5,6,108.1,110.7,-2.6,96.2,.287,.351,.523,,.483,11.5,26.6,.212,,.507,10.1,75.5,.220,2016
141,Toronto Raptors,26.1,10,10,.500,7,13,102.8,107.5,-4.7,89.4,.301,.282,.507,,.463,12.4,25.1,.222,,.514,13.6,77.3,.237,2016
142,Boston Celtics,25.0,2,4,.333,2,4,93.8,100.5,-6.7,98.3,.235,.352,.475,,.432,12.9,21.5,.184,,.481,13.3,80.6,.191,2016
143,Charlotte Hornets,26.9,3,4,.429,1,6,99.2,109.0,-9.8,91.0,.309,.231,.494,,.432,9.4,15.9,.259,,.517,11.8,75.9,.186,2016
144,Detroit Pistons,24.1,0,4,.000,1,3,109.4,119.2,-9.8,86.8,.292,.309,.559,,.537,11.0,18.4,.189,,.546,8.6,75.5,.147,2016
145,Houston Rockets,28.5,1,4,.200,0,5,92.7,111.8,-19.1,98.4,.320,.332,.467,,.430,16.3,29.9,.206,,.552,12.9,77.1,.199,2016
146,Dallas Mavericks,30.4,1,4,.200,0,5,102.1,122.0,-19.9,91.8,.298,.264,.511,,.474,11.4,21.5,.207,,.537,12.0,65.5,.278,2016
147,Memphis Grizzlies,30.8,0,4,.000,0,4,90.9,115.6,-24.7,89.1,.215,.197,.455,,.423,14.8,28.8,.151,,.552,13.7,77.3,.246,2016
148,Golden State Warriors,26.4,16,5,.762,16,5,108.7,100.5,+8.2,93.7,.263,.362,.550,,.521,13.5,26.2,.184,,.458,13.1,75.3,.228,2015
149,Cleveland Cavaliers,26.6,14,6,.700,13,7,107.4,103.1,+4.3,90.7,.325,.347,.524,,.479,12.0,28.1,.240,,.467,11.1,77.5,.209,2015
150,Washington Wizards,27.5,6,4,.600,6,4,105.8,101.7,+4.1,94.6,.280,.276,.533,,.497,13.3,26.8,.202,,.470,12.2,77.2,.177,2015
151,Chicago Bulls,28.7,6,6,.500,7,5,104.4,100.7,+3.7,90.4,.257,.294,.515,,.474,13.1,26.8,.199,,.452,11.8,74.3,.198,2015
152,Los Angeles Clippers,28.8,7,7,.500,8,6,108.4,107.1,+1.3,98.7,.361,.300,.548,,.515,11.8,21.3,.241,,.505,12.5,75.0,.250,2015
153,San Antonio Spurs,30.3,3,4,.429,4,3,107.8,107.3,+0.5,94.5,.298,.307,.536,,.505,11.2,24.8,.203,,.509,11.5,78.6,.224,2015
154,Atlanta Hawks,27.7,8,8,.500,8,8,103.4,103.6,-0.2,93.5,.227,.335,.521,,.484,11.9,21.6,.178,,.486,12.9,74.7,.184,2015
155,Memphis Grizzlies,30.3,6,5,.545,5,6,103.0,104.4,-1.4,91.9,.270,.166,.503,,.451,10.5,23.7,.225,,.501,14.1,77.2,.192,2015
156,Houston Rockets,28.8,9,8,.529,7,10,106.6,109.0,-2.4,101.5,.440,.330,.544,,.505,13.5,23.8,.288,,.514,12.5,74.4,.210,2015
157,Dallas Mavericks,30.4,1,4,.200,2,3,107.9,112.0,-4.1,101.9,.274,.265,.534,,.493,12.1,28.1,.209,,.520,12.4,75.1,.291,2015
158,Brooklyn Nets,28.6,2,4,.333,2,4,100.8,106.5,-5.7,94.0,.251,.289,.522,,.486,13.4,21.0,.186,,.505,12.3,77.8,.161,2015
159,Portland Trail Blazers,25.9,1,4,.200,1,4,101.9,109.3,-7.4,92.0,.258,.313,.504,,.455,11.1,22.2,.213,,.465,7.9,78.1,.254,2015
160,New Orleans Pelicans,25.1,0,4,.000,1,3,106.8,115.2,-8.4,92.0,.264,.252,.536,,.491,12.6,24.9,.214,,.516,11.0,69.1,.211,2015
161,Boston Celtics,24.6,0,4,.000,1,3,101.5,111.5,-10.0,93.3,.308,.260,.504,,.453,12.6,22.2,.239,,.498,11.8,71.9,.303,2015
162,Milwaukee Bucks,24.8,2,4,.333,1,5,91.8,104.6,-12.8,93.1,.236,.206,.455,,.419,11.9,23.9,.166,,.504,15.7,73.5,.200,2015
163,Toronto Raptors,25.9,0,4,.000,1,3,99.3,113.7,-14.4,94.5,.241,.283,.493,,.459,10.9,19.0,.173,,.547,13.3,73.0,.250,2015
164,San Antonio Spurs,29.6,16,7,.696,18,5,114.2,104.2,+10.0,92.7,.291,.267,.583,,.546,12.1,23.6,.223,,.492,13.4,77.2,.197,2014
165,Los Angeles Clippers,28.2,6,7,.462,7,6,113.3,111.3,+2.0,96.0,.334,.302,.555,,.515,11.4,26.2,.244,,.521,14.9,70.4,.272,2014
166,Miami Heat,31.1,13,7,.650,11,9,112.8,110.8,+2.0,86.2,.305,.326,.594,,.555,12.9,17.1,.238,,.539,14.2,75.3,.220,2014
167,Washington Wizards,26.8,6,5,.545,6,5,102.0,100.9,+1.1,87.8,.285,.211,.504,,.468,12.5,27.9,.198,,.471,12.7,79.7,.227,2014
168,Houston Rockets,25.2,2,4,.333,3,3,114.8,114.4,+0.4,92.7,.325,.280,.534,,.490,11.7,35.3,.242,,.507,10.6,72.8,.258,2014
169,Atlanta Hawks,27.9,3,4,.429,3,4,101.9,103.0,-1.1,90.7,.316,.417,.515,,.456,13.1,20.4,.261,,.500,14.6,76.2,.220,2014
170,Indiana Pacers,27.1,10,9,.526,9,10,103.7,104.8,-1.1,88.3,.314,.258,.540,,.500,13.8,21.1,.228,,.493,13.6,77.0,.218,2014
171,Oklahoma City Thunder,26.6,10,9,.526,9,10,108.1,109.2,-1.1,92.3,.327,.287,.551,,.496,14.0,27.1,.268,,.485,10.5,74.2,.212,2014
172,Brooklyn Nets,30.7,5,7,.417,5,7,110.5,112.0,-1.5,86.4,.330,.302,.555,,.514,12.5,25.1,.243,,.516,13.3,77.0,.306,2014
173,Toronto Raptors,25.2,3,4,.429,3,4,108.2,110.0,-1.8,88.8,.391,.283,.553,,.486,15.0,26.8,.326,,.506,11.8,77.0,.291,2014
174,Dallas Mavericks,31.3,3,4,.429,3,4,110.0,112.1,-2.1,92.0,.217,.259,.532,,.500,10.7,26.4,.166,,.542,13.4,76.6,.245,2014
175,Golden State Warriors,26.2,3,4,.429,3,4,110.2,114.8,-4.6,96.6,.335,.316,.558,,.518,15.3,30.8,.244,,.529,12.9,72.1,.290,2014
176,Chicago Bulls,28.6,1,4,.200,2,3,103.0,108.3,-5.3,85.6,.290,.244,.508,,.463,13.0,27.9,.219,,.479,10.2,72.2,.225,2014
177,Memphis Grizzlies,29.7,3,4,.429,2,5,102.8,108.5,-5.7,88.8,.293,.173,.486,,.442,10.1,27.0,.214,,.483,14.1,69.0,.263,2014
178,Portland Trail Blazers,25.8,5,6,.455,3,8,107.2,113.6,-6.4,94.6,.281,.260,.529,,.482,12.3,26.1,.224,,.508,10.4,70.6,.208,2014
179,Charlotte Bobcats,25.5,0,4,.000,1,3,101.5,112.3,-10.8,90.6,.312,.282,.537,,.500,14.9,20.8,.223,,.539,10.7,85.7,.260,2014
180,San Antonio Spurs,28.7,15,6,.714,15,6,108.7,101.1,+7.6,89.6,.261,.253,.547,,.511,12.3,23.3,.199,,.475,12.8,73.8,.162,2013
181,Miami Heat,30.1,16,7,.696,17,6,110.2,102.9,+7.3,87.3,.303,.264,.559,,.518,13.1,25.2,.232,,.480,15.6,71.1,.237,2013
182,New York Knicks,29.6,6,6,.500,7,5,101.4,98.3,+3.1,86.6,.222,.288,.498,,.460,11.5,24.2,.174,,.470,17.1,76.5,.276,2013
183,Brooklyn Nets,28.5,3,4,.429,4,3,107.8,105.6,+2.2,88.3,.304,.232,.524,,.479,10.9,27.4,.230,,.497,12.4,74.0,.171,2013
184,Oklahoma City Thunder,26.9,5,6,.455,6,5,105.1,103.7,+1.4,92.8,.295,.303,.534,,.479,12.9,23.0,.247,,.468,12.5,76.0,.254,2013
185,Memphis Grizzlies,27.9,8,7,.533,8,7,105.0,104.3,+0.7,88.4,.357,.182,.502,,.447,10.2,27.2,.267,,.493,13.8,77.5,.219,2013
186,Golden State Warriors,24.6,6,6,.500,6,6,106.4,106.2,+0.2,94.0,.258,.265,.546,,.513,14.9,27.5,.190,,.483,11.9,75.0,.234,2013
187,Indiana Pacers,25.6,11,8,.579,10,9,104.5,104.4,+0.1,87.3,.384,.258,.528,,.475,15.9,32.4,.284,,.473,11.4,76.8,.222,2013
188,Denver Nuggets,26.4,2,4,.333,2,4,105.9,110.2,-4.3,97.2,.350,.265,.526,,.479,12.9,26.3,.255,,.554,17.0,72.9,.209,2013
189,Atlanta Hawks,27.3,2,4,.333,2,4,98.0,103.6,-5.6,91.2,.338,.241,.503,,.462,12.0,18.6,.231,,.455,14.4,70.0,.284,2013
190,Boston Celtics,29.7,2,4,.333,2,4,92.9,98.9,-6.0,87.1,.312,.300,.525,,.463,18.1,14.0,.268,,.462,12.7,76.3,.170,2013
191,Houston Rockets,25.4,2,4,.333,2,4,105.3,111.4,-6.1,95.0,.342,.416,.537,,.496,14.5,24.8,.243,,.511,12.0,77.2,.258,2013
192,Los Angeles Clippers,29.1,2,4,.333,2,4,107.5,113.8,-6.3,88.0,.314,.254,.552,,.506,13.5,24.3,.246,,.486,10.2,73.3,.344,2013
193,Chicago Bulls,27.5,5,7,.417,3,9,102.5,110.0,-7.5,87.4,.287,.213,.511,,.472,13.7,28.4,.206,,.501,11.9,74.5,.255,2013
194,Milwaukee Bucks,26.1,0,4,.000,0,4,94.0,110.3,-16.3,90.7,.264,.300,.498,,.472,15.9,21.1,.166,,.544,16.5,70.7,.255,2013
195,Los Angeles Lakers,29.2,0,4,.000,0,4,92.5,112.9,-20.4,92.1,.237,.237,.495,,.474,16.1,20.2,.144,,.527,9.8,78.3,.185,2013
196,Miami Heat,28.8,16,7,.696,17,6,109.6,101.6,+8.0,88.0,.364,.258,.552,,.505,12.8,26.1,.271,,.466,14.0,74.0,.229,2012
197,San Antonio Spurs,28.9,10,4,.714,10,4,110.3,103.9,+6.4,92.4,.290,.287,.574,,.541,13.8,21.8,.212,,.480,12.6,74.8,.216,2012
198,Oklahoma City Thunder,25.7,13,7,.650,13,7,111.8,107.4,+4.4,90.6,.306,.240,.558,,.508,11.3,23.6,.251,,.491,13.7,74.7,.262,2012
199,Indiana Pacers,26.4,6,5,.545,6,5,102.4,100.9,+1.5,88.0,.289,.225,.507,,.461,14.4,29.8,.223,,.469,13.2,75.2,.217,2012
200,Boston Celtics,30.1,11,9,.550,11,9,100.4,99.2,+1.2,87.8,.280,.211,.516,,.468,13.0,20.1,.224,,.464,13.4,75.1,.203,2012
201,Memphis Grizzlies,26.1,3,4,.429,4,3,102.8,102.0,+0.8,87.7,.403,.155,.509,,.449,14.7,32.6,.300,,.493,15.0,75.9,.244,2012
202,Denver Nuggets,26.0,3,4,.429,4,3,107.1,106.6,+0.5,90.3,.227,.213,.492,,.460,10.2,33.0,.163,,.461,11.0,66.7,.186,2012
203,Philadelphia 76ers,24.7,7,6,.538,6,7,96.9,98.3,-1.4,88.5,.312,.168,.482,,.436,11.5,23.9,.225,,.459,14.1,76.8,.198,2012
204,Chicago Bulls,27.8,2,4,.333,3,3,95.7,97.6,-1.9,88.1,.229,.157,.475,,.448,13.9,26.8,.149,,.428,9.9,78.2,.248,2012
205,Los Angeles Lakers,28.5,5,7,.417,4,8,105.4,110.0,-4.6,89.2,.285,.207,.502,,.454,11.8,31.0,.221,,.474,9.7,69.7,.200,2012
206,Los Angeles Clippers,26.8,4,7,.364,4,7,101.3,106.5,-5.2,88.9,.315,.217,.530,,.499,14.7,22.2,.210,,.491,14.5,71.0,.268,2012
207,Atlanta Hawks,28.1,2,4,.333,2,4,91.8,97.1,-5.3,87.9,.204,.237,.475,,.438,15.1,22.6,.160,,.461,13.0,82.3,.211,2012
208,Dallas Mavericks,32.6,0,4,.000,1,3,102.9,110.1,-7.2,90.6,.343,.276,.519,,.455,13.9,24.7,.285,,.520,12.8,80.5,.265,2012
209,Orlando Magic,27.8,1,4,.200,1,4,94.8,107.0,-12.2,86.6,.244,.316,.486,,.452,14.0,22.6,.172,,.480,13.3,68.4,.196,2012
210,New York Knicks,27.9,1,4,.200,1,4,95.2,111.3,-16.1,86.9,.297,.248,.499,,.451,18.1,30.1,.226,,.511,13.7,74.1,.315,2012
211,Utah Jazz,25.0,0,4,.000,0,4,93.9,111.3,-17.4,91.9,.306,.131,.443,,.395,12.2,32.0,.216,,.533,11.6,80.7,.213,2012
212,Dallas Mavericks,31.6,16,5,.762,15,6,112.9,106.3,+6.6,86.6,.339,.297,.571,,.519,13.0,25.1,.274,,.482,13.5,71.7,.245,2011
213,Chicago Bulls,26.0,9,7,.563,11,5,105.8,100.9,+4.9,86.9,.288,.238,.510,,.461,13.1,32.3,.226,,.462,13.9,76.1,.256,2011
214,Miami Heat,28.0,14,7,.667,13,8,106.4,103.4,+3.0,86.3,.379,.244,.542,,.485,13.9,26.0,.295,,.475,13.0,75.4,.215,2011
215,Orlando Magic,27.2,2,4,.333,3,3,102.4,100.3,+2.1,86.6,.367,.310,.503,,.449,12.7,28.9,.270,,.465,13.1,76.6,.205,2011
216,Oklahoma City Thunder,23.8,9,8,.529,10,7,109.5,107.5,+2.0,90.8,.393,.250,.548,,.482,14.2,31.3,.321,,.460,11.4,74.4,.305,2011
217,Boston Celtics,29.9,5,4,.556,5,4,105.1,103.6,+1.5,89.1,.262,.208,.552,,.514,15.4,23.6,.204,,.466,14.2,72.1,.276,2011
218,Memphis Grizzlies,26.2,7,6,.538,6,7,105.4,106.1,-0.7,90.0,.335,.144,.512,,.460,11.9,28.1,.255,,.482,14.3,72.2,.289,2011
219,Los Angeles Lakers,30.1,4,6,.400,5,5,107.8,109.3,-1.5,86.5,.315,.213,.526,,.477,12.4,30.8,.244,,.524,13.7,78.8,.245,2011
220,San Antonio Spurs,29.7,2,4,.333,2,4,102.2,105.6,-3.4,90.8,.369,.235,.526,,.471,13.8,23.6,.281,,.498,13.1,76.8,.238,2011
221,Atlanta Hawks,26.7,6,6,.500,4,8,100.4,105.5,-5.1,85.9,.289,.184,.505,,.464,12.7,22.9,.210,,.470,12.4,70.6,.233,2011
222,Denver Nuggets,26.4,1,4,.200,2,3,103.4,108.5,-5.1,94.2,.468,.239,.525,,.468,11.6,17.2,.330,,.468,12.5,70.8,.343,2011
223,Portland Trail Blazers,27.6,2,4,.333,2,4,106.3,112.5,-6.2,83.0,.294,.228,.534,,.487,12.2,24.4,.230,,.507,12.5,71.5,.253,2011
224,Indiana Pacers,25.4,1,4,.200,1,4,100.2,108.5,-8.3,90.0,.304,.192,.496,,.445,14.3,29.1,.234,,.461,14.8,63.2,.291,2011
225,New Orleans Hornets,26.0,2,4,.333,2,4,104.7,113.1,-8.4,85.3,.360,.195,.537,,.488,13.4,21.2,.267,,.500,12.9,67.7,.295,2011
226,Philadelphia 76ers,24.6,1,4,.200,1,4,100.7,109.3,-8.6,86.0,.213,.201,.485,,.453,10.6,23.9,.154,,.462,11.3,69.1,.303,2011
227,New York Knicks,26.7,0,4,.000,1,3,99.0,108.2,-9.2,91.7,.298,.286,.483,,.435,14.0,30.7,.223,,.520,15.7,69.3,.174,2011
228,Orlando Magic,28.0,10,4,.714,11,3,110.8,100.9,+9.9,86.5,.426,.380,.574,,.533,14.0,24.8,.299,,.458,13.6,77.3,.269,2010
229,Phoenix Suns,28.9,10,6,.625,10,6,117.8,112.7,+5.1,90.9,.353,.307,.582,,.536,12.0,27.4,.273,,.512,11.1,72.6,.242,2010
230,Los Angeles Lakers,29.0,16,7,.696,15,8,112.8,108.6,+4.2,89.6,.320,.255,.546,,.502,11.9,30.9,.241,,.475,12.0,72.4,.277,2010
231,Boston Celtics,29.4,15,9,.625,14,10,104.8,101.7,+3.1,89.2,.341,.211,.539,,.491,13.8,23.1,.258,,.473,15.2,74.6,.285,2010
232,Cleveland Cavaliers,29.2,6,5,.545,6,5,108.2,106.8,+1.4,92.6,.420,.277,.568,,.517,14.5,22.1,.311,,.481,11.0,75.7,.240,2010
233,Dallas Mavericks,31.2,2,4,.333,3,3,105.1,105.6,-0.5,88.4,.294,.244,.518,,.468,12.7,28.1,.233,,.486,12.3,74.0,.224,2010
234,Denver Nuggets,27.5,2,4,.333,3,3,113.9,115.1,-1.2,96.0,.469,.231,.577,,.517,12.6,25.8,.359,,.548,13.5,76.9,.357,2010
235,Oklahoma City Thunder,22.9,2,4,.333,3,3,103.6,105.4,-1.8,90.6,.412,.236,.506,,.426,11.9,26.7,.344,,.488,12.4,73.6,.196,2010
236,Utah Jazz,24.8,4,6,.400,4,6,114.0,116.4,-2.4,93.9,.421,.219,.568,,.520,12.3,26.5,.307,,.522,12.1,71.0,.327,2010
237,San Antonio Spurs,29.1,4,6,.400,4,6,105.7,109.4,-3.7,90.9,.339,.181,.533,,.494,12.3,24.0,.236,,.499,12.7,73.6,.245,2010
238,Milwaukee Bucks,27.8,3,4,.429,3,4,105.0,109.3,-4.3,85.7,.250,.268,.510,,.465,12.3,27.9,.201,,.482,11.9,66.9,.201,2010
239,Atlanta Hawks,26.3,4,7,.364,3,8,104.3,112.2,-7.9,85.8,.276,.171,.501,,.453,11.6,29.8,.217,,.515,12.3,72.4,.224,2010
240,Miami Heat,27.0,1,4,.200,1,4,96.2,105.2,-9.0,91.1,.241,.236,.513,,.479,17.3,22.6,.176,,.523,15.6,79.2,.266,2010
241,Chicago Bulls,25.6,1,4,.200,1,4,105.0,115.0,-10.0,92.4,.265,.125,.504,,.457,9.4,25.0,.211,,.558,13.2,77.0,.249,2010
242,Charlotte Bobcats,27.6,0,4,.000,1,3,100.2,111.0,-10.8,85.4,.362,.241,.523,,.477,15.9,23.0,.259,,.522,13.3,75.2,.335,2010
243,Portland Trail Blazers,26.6,2,4,.333,1,5,106.5,118.3,-11.8,87.3,.364,.217,.522,,.471,11.0,26.5,.269,,.536,12.4,71.0,.247,2010
244,Cleveland Cavaliers,27.2,10,4,.714,11,3,112.6,102.7,+9.9,86.1,.383,.263,.556,,.507,12.3,27.6,.284,,.480,12.5,78.3,.230,2009
245,Denver Nuggets,27.8,10,6,.625,12,4,116.8,107.5,+9.3,92.4,.426,.269,.579,,.526,11.5,26.4,.324,,.493,14.8,74.7,.326,2009
246,Los Angeles Lakers,27.3,16,7,.696,17,6,111.4,103.5,+7.9,91.1,.342,.229,.553,,.508,12.3,27.1,.255,,.471,13.7,73.8,.270,2009
247,Orlando Magic,27.3,13,11,.542,14,10,107.3,105.3,+2.0,89.2,.360,.309,.555,,.513,13.1,21.6,.260,,.488,12.7,77.2,.232,2009
248,Miami Heat,25.6,3,4,.429,4,3,106.7,105.6,+1.1,82.6,.324,.287,.554,,.501,14.4,25.2,.265,,.464,12.5,73.1,.261,2009
249,Boston Celtics,27.4,7,7,.500,7,7,106.3,106.3,0.0,91.4,.309,.222,.535,,.485,12.5,25.1,.245,,.493,13.3,77.8,.265,2009
250,Dallas Mavericks,29.1,5,5,.500,5,5,113.0,114.0,-1.0,89.9,.375,.272,.576,,.518,12.8,24.7,.305,,.525,11.0,77.4,.271,2009
251,Houston Rockets,26.9,7,6,.538,6,7,104.7,106.4,-1.7,87.4,.288,.265,.533,,.490,14.2,24.8,.221,,.487,11.6,73.7,.210,2009
252,Chicago Bulls,25.5,3,4,.429,3,4,105.9,110.1,-4.2,92.6,.343,.221,.540,,.483,13.9,24.3,.277,,.495,11.6,73.2,.243,2009
253,Portland Trail Blazers,24.5,2,4,.333,2,4,103.9,110.2,-6.3,83.9,.264,.190,.524,,.484,12.0,23.7,.201,,.517,12.8,76.1,.222,2009
254,San Antonio Spurs,30.6,1,4,.200,1,4,105.4,112.4,-7.0,85.7,.269,.230,.528,,.495,11.4,21.3,.191,,.516,12.1,76.6,.274,2009
255,Atlanta Hawks,26.2,4,7,.364,3,8,102.0,110.6,-8.6,82.4,.323,.238,.499,,.450,12.6,26.1,.241,,.514,14.4,69.8,.263,2009
256,Philadelphia 76ers,26.6,2,4,.333,1,5,100.5,109.2,-8.7,88.0,.276,.211,.526,,.492,14.9,21.3,.196,,.514,12.9,74.2,.237,2009
257,Utah Jazz,25.6,1,4,.200,1,4,104.2,114.1,-9.9,93.4,.373,.180,.517,,.463,13.4,30.4,.277,,.546,14.6,73.5,.271,2009
258,Detroit Pistons,28.3,0,4,.000,0,4,93.6,112.2,-18.6,83.3,.188,.159,.468,,.429,11.9,19.7,.156,,.498,11.7,73.2,.349,2009
259,New Orleans Hornets,28.3,1,4,.200,0,5,93.7,120.7,-27.0,89.8,.399,.262,.510,,.439,18.2,22.4,.322,,.563,12.3,73.5,.290,2009
260,Boston Celtics,28.9,16,10,.615,18,8,109.4,103.3,+6.1,85.9,.354,.224,.541,,.487,12.9,29.5,.277,,.463,14.4,74.6,.313,2008
261,New Orleans Hornets,26.7,7,5,.583,8,4,111.5,107.3,+4.2,86.6,.250,.173,.537,,.499,8.9,24.2,.193,,.483,12.3,73.2,.235,2008
262,Detroit Pistons,28.8,10,7,.588,10,7,108.0,105.2,+2.8,84.7,.320,.179,.538,,.485,13.2,27.7,.257,,.478,14.7,68.7,.275,2008
263,Cleveland Cavaliers,27.1,7,6,.538,8,5,104.6,102.1,+2.5,85.9,.395,.262,.517,,.465,13.7,29.1,.285,,.460,13.4,75.2,.285,2008
264,Los Angeles Lakers,27.4,14,7,.667,12,9,110.0,107.6,+2.4,92.7,.371,.241,.560,,.512,12.7,22.2,.279,,.477,12.3,71.1,.255,2008
265,Orlando Magic,26.4,5,5,.500,6,4,111.0,109.2,+1.8,87.5,.322,.336,.564,,.529,14.4,29.0,.229,,.464,8.9,75.0,.226,2008
266,Utah Jazz,25.4,6,6,.500,6,6,110.1,110.4,-0.3,89.1,.330,.204,.528,,.481,12.1,33.4,.247,,.490,12.2,73.7,.314,2008
267,San Antonio Spurs,31.6,9,8,.529,8,9,103.9,104.8,-0.9,89.5,.261,.252,.529,,.493,12.6,21.4,.194,,.486,10.8,77.6,.197,2008
268,Phoenix Suns,29.4,1,4,.200,2,3,104.1,106.1,-2.0,92.6,.369,.180,.524,,.492,11.5,21.9,.235,,.493,11.9,76.3,.216,2008
269,Houston Rockets,29.0,2,4,.333,2,4,103.8,106.7,-2.9,84.8,.333,.254,.488,,.446,10.7,29.8,.227,,.482,12.4,69.3,.231,2008
270,Washington Wizards,27.7,2,4,.333,2,4,104.9,108.7,-3.8,87.9,.386,.262,.524,,.466,12.3,23.4,.295,,.485,13.2,67.8,.265,2008
271,Toronto Raptors,26.2,1,4,.200,2,3,110.1,115.2,-5.1,90.3,.224,.280,.528,,.484,9.6,23.1,.194,,.533,13.3,69.7,.260,2008
272,Philadelphia 76ers,25.0,2,4,.333,2,4,99.8,107.9,-8.1,86.0,.402,.105,.488,,.430,14.4,33.9,.290,,.523,17.0,67.0,.188,2008
273,Dallas Mavericks,29.6,1,4,.200,1,4,108.0,118.2,-10.2,87.0,.381,.264,.511,,.447,11.2,31.7,.299,,.527,8.4,75.5,.206,2008
274,Denver Nuggets,27.9,0,4,.000,1,3,104.3,117.9,-13.6,97.4,.328,.203,.501,,.452,12.5,34.6,.243,,.536,10.7,74.1,.240,2008
275,Atlanta Hawks,23.8,3,4,.429,1,6,101.6,115.6,-14.0,85.8,.441,.174,.512,,.439,15.7,30.5,.345,,.503,10.4,67.3,.206,2008
276,Phoenix Suns,27.9,6,5,.545,7,4,110.6,105.3,+5.3,94.1,.298,.229,.562,,.520,13.0,23.4,.232,,.492,13.8,71.6,.213,2007
277,San Antonio Spurs,30.8,16,4,.800,13,7,107.6,103.1,+4.5,88.9,.317,.256,.547,,.508,13.7,26.4,.229,,.471,13.9,72.4,.228,2007
278,Detroit Pistons,29.5,10,6,.625,10,6,105.2,101.8,+3.4,85.8,.346,.219,.522,,.468,13.2,28.7,.266,,.462,14.3,70.9,.275,2007
279,Cleveland Cavaliers,25.8,12,8,.600,12,8,102.5,100.0,+2.5,85.7,.341,.217,.506,,.456,12.9,28.6,.252,,.464,13.8,76.6,.233,2007
280,New Jersey Nets,28.3,6,6,.500,7,5,101.7,99.6,+2.1,88.7,.318,.284,.539,,.497,16.1,21.8,.236,,.463,14.1,76.4,.257,2007
281,Golden State Warriors,25.3,5,6,.455,6,5,110.9,109.1,+1.8,95.3,.376,.382,.563,,.518,13.6,25.5,.277,,.493,16.9,63.9,.307,2007
282,Chicago Bulls,26.1,6,4,.600,5,5,103.4,102.1,+1.3,89.4,.390,.220,.522,,.469,14.7,28.5,.284,,.475,13.8,73.0,.225,2007
283,Utah Jazz,26.1,9,8,.529,9,8,106.9,105.9,+1.0,91.0,.349,.159,.534,,.486,14.9,31.4,.261,,.498,14.5,76.1,.294,2007
284,Houston Rockets,27.7,3,4,.429,3,4,99.6,103.2,-3.6,87.6,.363,.308,.520,,.460,15.0,24.3,.286,,.467,11.8,75.0,.194,2007
285,Toronto Raptors,25.5,2,4,.333,2,4,101.0,106.9,-5.9,89.9,.347,.197,.536,,.478,14.8,19.0,.279,,.521,15.7,76.3,.235,2007
286,Denver Nuggets,26.8,1,4,.200,1,4,100.7,107.5,-6.8,87.6,.264,.181,.498,,.452,14.6,31.6,.207,,.493,11.9,71.7,.149,2007
287,Dallas Mavericks,27.6,2,4,.333,2,4,105.7,112.8,-7.1,93.2,.371,.274,.524,,.466,14.8,31.9,.287,,.530,14.2,71.9,.272,2007
288,Washington Wizards,27.8,0,4,.000,1,3,103.5,113.4,-9.9,88.4,.262,.247,.494,,.450,8.6,21.9,.202,,.490,12.8,67.7,.326,2007
289,Orlando Magic,25.7,0,4,.000,1,3,102.9,113.5,-10.6,85.5,.394,.100,.519,,.495,14.8,28.3,.228,,.495,10.7,71.2,.330,2007
290,Los Angeles Lakers,25.6,1,4,.200,1,4,103.8,114.8,-11.0,94.4,.251,.230,.513,,.479,13.7,31.4,.181,,.528,11.5,74.9,.225,2007
291,Miami Heat,29.9,0,4,.000,1,3,96.9,108.9,-12.0,91.6,.365,.227,.512,,.482,14.5,19.6,.224,,.505,13.9,74.3,.257,2007
292,Dallas Mavericks,27.2,14,9,.609,15,8,110.2,105.7,+4.5,88.9,.350,.188,.540,,.481,12.2,29.2,.283,,.506,14.2,77.7,.280,2006
293,Miami Heat,29.4,16,7,.696,15,8,106.2,102.0,+4.2,90.3,.427,.264,.559,,.525,15.3,24.6,.280,,.470,13.8,76.6,.265,2006
294,Los Angeles Clippers,26.8,7,5,.583,7,5,111.6,107.7,+3.9,93.1,.331,.148,.571,,.519,14.3,28.6,.270,,.479,10.2,75.9,.216,2006
295,Detroit Pistons,29.1,10,8,.556,11,7,107.9,104.2,+3.7,84.9,.382,.249,.528,,.478,12.0,27.9,.277,,.494,14.7,72.6,.225,2006
296,San Antonio Spurs,30.0,7,6,.538,7,6,114.0,111.6,+2.4,88.3,.420,.207,.587,,.533,13.2,22.6,.326,,.486,12.0,71.1,.312,2006
297,Phoenix Suns,26.8,10,10,.500,11,9,113.7,112.5,+1.2,92.3,.259,.283,.579,,.538,11.1,19.0,.216,,.507,12.4,69.7,.237,2006
298,Washington Wizards,26.4,2,4,.333,3,3,109.4,109.2,+0.2,89.8,.424,.244,.545,,.488,12.1,26.7,.316,,.489,14.1,68.3,.268,2006
299,New Jersey Nets,28.7,5,6,.455,5,6,106.5,107.6,-1.1,88.4,.351,.230,.538,,.487,12.7,24.9,.267,,.517,15.0,77.6,.313,2006
300,Chicago Bulls,23.9,2,4,.333,2,4,104.2,107.4,-3.2,94.4,.397,.260,.548,,.497,15.0,21.6,.295,,.514,14.7,73.2,.261,2006
301,Cleveland Cavaliers,26.8,7,6,.538,5,8,103.7,107.4,-3.7,85.8,.322,.172,.515,,.465,14.1,30.7,.246,,.480,12.6,72.1,.284,2006
302,Indiana Pacers,27.5,2,4,.333,2,4,103.2,107.5,-4.3,86.5,.386,.277,.543,,.491,16.1,23.1,.289,,.479,12.0,73.4,.279,2006
303,Los Angeles Lakers,25.2,3,4,.429,2,5,106.5,113.6,-7.1,91.7,.284,.258,.538,,.497,13.8,26.8,.216,,.543,11.5,84.7,.251,2006
304,Denver Nuggets,27.6,1,4,.200,1,4,95.0,103.2,-8.2,92.0,.308,.159,.449,,.397,10.8,29.2,.224,,.493,16.8,76.8,.297,2006
305,Sacramento Kings,27.0,2,4,.333,1,5,108.8,119.5,-10.7,87.9,.369,.200,.536,,.477,12.5,29.0,.292,,.566,13.3,75.0,.296,2006
306,Milwaukee Bucks,25.5,1,4,.200,1,4,110.2,121.1,-10.9,88.5,.267,.155,.545,,.504,12.8,26.6,.209,,.544,10.5,70.6,.338,2006
307,Memphis Grizzlies,28.2,0,4,.000,0,4,99.0,115.5,-16.5,82.9,.425,.180,.534,,.479,16.9,22.0,.308,,.487,12.5,65.4,.306,2006
308,Detroit Pistons,28.1,15,10,.600,17,8,105.0,99.5,+5.5,85.3,.286,.176,.508,,.466,12.1,29.8,.212,,.470,14.5,74.8,.219,2005
309,San Antonio Spurs,28.6,16,7,.696,15,8,110.0,105.1,+4.9,87.3,.367,.240,.546,,.500,14.1,31.1,.267,,.471,12.1,71.4,.218,2005
310,Miami Heat,28.2,11,4,.733,10,5,107.2,102.5,+4.7,90.2,.409,.211,.568,,.533,15.1,22.5,.273,,.449,11.2,73.1,.241,2005
311,Phoenix Suns,26.2,9,6,.600,9,6,118.2,113.8,+4.4,94.1,.304,.233,.582,,.544,11.8,29.2,.233,,.508,11.0,68.4,.190,2005
312,Boston Celtics,26.7,3,4,.429,3,4,100.6,101.3,-0.7,85.9,.306,.200,.520,,.475,15.4,26.2,.231,,.444,15.6,73.6,.359,2005
313,Dallas Mavericks,27.7,6,7,.462,6,7,113.3,115.0,-1.7,92.1,.338,.207,.544,,.492,12.0,32.5,.266,,.525,13.0,70.1,.251,2005
314,Chicago Bulls,26.4,2,4,.333,3,3,106.3,108.2,-1.9,96.4,.368,.274,.521,,.472,13.4,30.0,.266,,.472,12.6,70.3,.321,2005
315,Seattle Supersonics,26.3,6,5,.545,5,6,111.1,113.0,-1.9,88.7,.369,.203,.547,,.489,13.3,33.3,.295,,.493,12.6,69.2,.286,2005
316,Washington Wizards,25.5,4,6,.400,4,6,105.6,108.2,-2.6,95.1,.409,.228,.515,,.459,12.3,28.9,.298,,.505,14.6,70.5,.260,2005
317,Houston Rockets,29.8,3,4,.429,3,4,111.7,114.9,-3.2,87.3,.344,.236,.564,,.513,14.2,27.8,.272,,.498,12.9,66.8,.316,2005
318,Indiana Pacers,29.2,6,7,.462,5,8,97.7,101.1,-3.4,85.3,.361,.243,.496,,.434,15.1,26.4,.283,,.463,14.4,71.6,.235,2005
319,Sacramento Kings,27.6,1,4,.200,2,3,113.0,117.9,-4.9,90.4,.285,.241,.527,,.479,10.3,30.4,.227,,.508,12.9,63.9,.338,2005
320,Philadelphia 76ers,26.5,1,4,.200,1,4,101.2,110.1,-8.9,87.9,.256,.244,.513,,.479,12.6,23.1,.183,,.512,15.7,69.6,.260,2005
321,Denver Nuggets,26.5,1,4,.200,1,4,97.4,108.5,-11.1,90.7,.387,.107,.490,,.431,12.4,23.1,.285,,.487,13.4,73.4,.316,2005
322,Memphis Grizzlies,26.2,0,4,.000,1,3,112.0,124.0,-12.0,91.7,.194,.225,.539,,.517,10.1,26.6,.137,,.570,10.6,72.5,.301,2005
323,New Jersey Nets,27.5,0,4,.000,1,3,100.6,113.9,-13.3,91.4,.369,.254,.491,,.432,11.7,26.5,.277,,.570,14.7,77.3,.316,2005
324,Detroit Pistons,27.3,16,7,.696,17,6,99.3,92.0,+7.3,86.1,.359,.182,.493,,.439,14.4,30.2,.263,,.423,15.4,74.6,.227,2004
325,Indiana Pacers,26.7,10,6,.625,11,5,98.9,93.7,+5.2,86.5,.330,.237,.497,,.448,13.6,25.5,.242,,.422,15.6,74.4,.270,2004
326,San Antonio Spurs,26.8,6,4,.600,6,4,102.4,98.8,+3.6,87.2,.314,.248,.515,,.485,15.2,30.1,.202,,.482,15.3,77.1,.256,2004
327,New Jersey Nets,27.7,7,4,.636,7,4,96.4,93.7,+2.7,88.9,.416,.225,.512,,.454,17.7,26.5,.303,,.419,15.0,72.0,.245,2004
328,Dallas Mavericks,26.7,1,4,.200,3,2,103.4,102.0,+1.4,96.3,.245,.180,.466,,.422,11.3,36.7,.189,,.481,14.7,71.6,.204,2004
329,Los Angeles Lakers,30.2,13,9,.591,12,10,100.8,99.8,+1.0,86.6,.375,.207,.508,,.477,12.7,24.4,.229,,.456,14.3,72.2,.237,2004
330,Miami Heat,25.9,6,7,.462,7,6,97.3,97.1,+0.2,86.4,.343,.179,.489,,.433,14.1,27.2,.258,,.445,15.8,72.8,.257,2004
331,Sacramento Kings,29.0,7,5,.583,6,6,101.0,100.9,+0.1,93.4,.299,.202,.507,,.460,13.2,24.8,.227,,.447,13.4,69.3,.208,2004
332,Minnesota Timberwolves,30.0,10,8,.556,9,9,101.9,101.9,0.0,89.8,.302,.198,.527,,.479,14.7,24.2,.236,,.463,12.1,73.3,.211,2004
333,New Orleans Hornets,30.1,3,4,.429,3,4,92.5,95.9,-3.4,87.1,.272,.243,.472,,.422,16.7,28.5,.212,,.431,14.9,71.4,.249,2004
334,Denver Nuggets,26.5,1,4,.200,2,3,99.2,103.6,-4.4,91.4,.193,.149,.479,,.452,13.1,31.7,.135,,.503,15.9,75.8,.253,2004
335,Houston Rockets,28.0,1,4,.200,1,4,94.5,100.5,-6.0,87.7,.306,.204,.501,,.458,16.6,24.0,.220,,.458,10.2,77.7,.226,2004
336,New York Knicks,28.5,0,4,.000,0,4,90.4,104.1,-13.7,92.9,.316,.181,.461,,.411,15.1,26.3,.228,,.505,18.1,73.9,.333,2004
337,Milwaukee Bucks,27.5,1,4,.200,1,4,95.3,109.3,-14.0,89.9,.278,.185,.490,,.447,15.8,25.8,.206,,.494,13.3,68.3,.240,2004
338,Memphis Grizzlies,26.0,0,4,.000,0,4,97.1,113.4,-16.3,86.0,.324,.176,.504,,.450,14.7,23.8,.252,,.561,16.4,68.5,.233,2004
339,Boston Celtics,26.2,0,4,.000,0,4,92.1,110.4,-18.3,91.7,.383,.223,.513,,.445,19.3,23.1,.309,,.501,11.9,72.2,.195,2004
340,San Antonio Spurs,27.1,16,8,.667,17,7,103.7,97.7,+6.0,91.0,.399,.198,.525,,.476,14.4,28.6,.284,,.439,14.0,73.4,.216,2003
341,New Jersey Nets,27.3,14,6,.700,12,8,102.6,98.9,+3.7,89.9,.336,.165,.506,,.453,14.1,30.9,.256,,.464,14.8,76.7,.252,2003
342,Sacramento Kings,28.3,7,5,.583,7,5,112.0,109.6,+2.4,94.7,.341,.215,.549,,.499,12.0,29.3,.265,,.495,12.7,70.7,.216,2003
343,Portland Trail Blazers,28.1,3,4,.429,4,3,115.2,114.1,+1.1,87.9,.373,.215,.551,,.501,13.0,36.3,.280,,.507,11.1,72.7,.228,2003
344,Detroit Pistons,27.9,8,9,.471,9,8,102.7,101.7,+1.0,86.5,.416,.258,.515,,.455,13.3,25.5,.308,,.459,14.8,70.6,.253,2003
345,Philadelphia 76ers,29.0,6,6,.500,6,6,105.8,104.8,+1.0,85.6,.345,.141,.527,,.468,14.5,31.3,.277,,.473,13.8,72.3,.268,2003
346,Los Angeles Lakers,27.9,6,6,.500,6,6,107.1,106.9,+0.2,92.8,.313,.240,.529,,.491,12.7,27.9,.222,,.500,13.1,76.2,.251,2003
347,Dallas Mavericks,27.8,10,10,.500,10,10,110.5,111.1,-0.6,93.2,.245,.269,.546,,.503,11.6,25.0,.203,,.494,12.5,70.4,.286,2003
348,Boston Celtics,27.0,4,6,.400,5,5,101.4,102.1,-0.7,90.4,.303,.307,.528,,.477,14.2,20.8,.243,,.449,14.0,73.0,.311,2003
349,New Orleans Hornets,28.8,2,4,.333,3,3,106.4,108.3,-1.9,87.2,.328,.222,.526,,.479,14.2,31.5,.244,,.471,14.0,68.5,.306,2003
350,Milwaukee Bucks,30.3,2,4,.333,2,4,105.8,110.5,-4.7,90.9,.312,.214,.541,,.499,12.9,21.0,.233,,.494,14.7,65.3,.306,2003
351,Phoenix Suns,25.4,2,4,.333,2,4,91.5,97.3,-5.8,91.4,.265,.187,.456,,.414,14.8,27.8,.189,,.438,16.8,67.4,.302,2003
352,Indiana Pacers,26.2,2,4,.333,2,4,100.9,107.1,-6.2,88.8,.418,.227,.496,,.422,13.3,29.4,.330,,.492,12.3,79.2,.251,2003
353,Minnesota Timberwolves,28.0,2,4,.333,2,4,104.2,110.8,-6.6,94.8,.319,.173,.544,,.492,14.6,22.6,.257,,.498,10.7,70.9,.211,2003
354,Orlando Magic,26.5,3,4,.429,2,5,99.5,107.8,-8.3,88.0,.357,.223,.517,,.459,15.3,24.7,.279,,.462,13.0,69.2,.328,2003
355,Utah Jazz,31.2,1,4,.200,1,4,104.2,116.1,-11.9,89.2,.386,.087,.511,,.446,15.3,35.4,.303,,.516,12.9,65.3,.272,2003
356,Los Angeles Lakers,28.1,15,4,.789,12,7,106.4,102.3,+4.1,91.5,.349,.224,.527,,.482,12.9,29.1,.252,,.455,12.1,72.9,.231,2002
357,San Antonio Spurs,28.3,4,6,.400,6,4,106.2,102.7,+3.5,85.8,.349,.193,.518,,.465,11.2,26.6,.266,,.466,11.4,72.4,.175,2002
358,Boston Celtics,27.1,9,7,.563,10,6,101.5,98.4,+3.1,89.9,.292,.292,.515,,.469,13.8,25.0,.226,,.450,14.3,75.1,.253,2002
359,Sacramento Kings,27.2,10,6,.625,9,7,106.3,103.9,+2.4,93.9,.363,.196,.529,,.478,13.4,29.4,.269,,.460,12.9,69.6,.222,2002
360,Dallas Mavericks,26.5,4,4,.500,4,4,111.7,111.4,+0.3,96.4,.287,.251,.550,,.499,11.2,24.2,.240,,.493,12.9,67.6,.288,2002
361,Indiana Pacers,26.1,2,3,.400,3,2,97.1,96.9,+0.2,90.6,.297,.155,.533,,.489,17.5,21.5,.226,,.448,13.7,75.8,.205,2002
362,Charlotte Hornets,28.7,4,5,.444,4,4,103.9,103.9,0.0,90.4,.399,.151,.505,,.449,13.4,33.2,.289,,.454,12.4,73.4,.291,2002
363,New Jersey Nets,26.4,11,9,.550,10,10,102.3,102.3,0.0,92.3,.324,.176,.503,,.457,13.0,27.5,.235,,.472,14.5,72.3,.277,2002
364,Detroit Pistons,29.3,4,6,.400,5,5,96.1,96.5,-0.4,86.4,.304,.307,.497,,.454,14.9,22.9,.220,,.446,15.5,72.1,.202,2002
365,Utah Jazz,30.0,1,3,.250,2,2,98.6,99.8,-1.2,89.2,.340,.145,.482,,.437,15.3,33.7,.233,,.436,16.6,69.1,.336,2002
366,Toronto Raptors,29.9,2,3,.400,2,3,97.8,101.1,-3.3,85.7,.267,.137,.486,,.444,15.6,32.1,.197,,.468,15.4,74.3,.281,2002
367,Orlando Magic,28.5,1,3,.250,1,3,101.2,106.6,-5.4,88.1,.395,.210,.509,,.451,11.5,20.8,.293,,.445,12.8,65.9,.310,2002
368,Portland Trail Blazers,29.2,0,3,.000,1,2,99.3,105.1,-5.8,92.0,.337,.220,.485,,.423,13.5,26.9,.268,,.487,13.0,77.4,.327,2002
369,Philadelphia 76ers,29.8,2,3,.400,1,4,102.1,112.2,-10.1,87.2,.435,.177,.508,,.440,14.1,29.9,.329,,.541,13.8,76.5,.184,2002
370,Minnesota Timberwolves,26.5,0,3,.000,1,2,105.5,116.6,-11.1,96.6,.428,.156,.530,,.475,14.0,30.3,.309,,.521,9.9,80.8,.277,2002
371,Seattle Supersonics,27.0,2,3,.400,1,4,101.7,113.8,-12.1,84.7,.239,.153,.490,,.460,10.8,26.6,.163,,.503,10.0,72.7,.263,2002
