,Tm,G,MP,FG%,Dist., ,2P,0-3,3-10,10-16,16-3P,3P, ,2P,0-3,3-10,10-16,16-3P,3P, ,2P,3P, ,%FGA,Md., ,%3PA,3P%, ,Att.,#,Season Year
0,Boston Celtics,19,4585,.469,16.0,,.520,.199,.187,.083,.051,.480,,.569,.770,.473,.398,.420,.360,,.506,.775,,.053,77,,.219,.371,,5,1,2024
1,Cleveland Cavaliers,12,2880,.449,14.1,,.606,.268,.196,.087,.056,.394,,.535,.679,.434,.471,.304,.315,,.545,.629,,.058,54,,.160,.206,,5,0,2024
2,Dallas Mavericks,22,5280,.468,14.2,,.602,.222,.221,.107,.051,.398,,.540,.723,.418,.439,.479,.360,,.481,.687,,.094,143,,.299,.404,,4,0,2024
3,Denver Nuggets,12,2880,.457,13.7,,.629,.250,.210,.084,.085,.371,,.530,.675,.451,.465,.368,.332,,.551,.881,,.071,64,,.269,.363,,5,1,2024
4,Indiana Pacers,17,4130,.507,14.2,,.628,.230,.202,.114,.082,.372,,.586,.702,.512,.561,.480,.372,,.599,.851,,.047,61,,.250,.400,,4,0,2024
5,Los Angeles Clippers,6,1440,.434,13.6,,.615,.221,.258,.087,.049,.385,,.472,.569,.402,.512,.333,.374,,.503,.690,,.067,25,,.284,.370,,0,0,2024
6,Los Angeles Lakers,5,1200,.492,13.0,,.652,.284,.222,.111,.035,.348,,.594,.717,.511,.468,.533,.299,,.530,.795,,.052,21,,.231,.294,,3,0,2024
7,Miami Heat,5,1200,.438,15.6,,.581,.116,.268,.138,.059,.419,,.517,.787,.505,.375,.375,.329,,.475,.857,,.025,9,,.194,.364,,1,0,2024
8,Milwaukee Bucks,6,1465,.473,15.1,,.635,.181,.185,.176,.093,.365,,.541,.660,.563,.407,.521,.354,,.489,.687,,.025,11,,.185,.343,,1,0,2024
9,Minnesota Timberwolves,16,3840,.468,13.6,,.607,.275,.191,.100,.041,.393,,.538,.652,.435,.451,.463,.359,,.545,.786,,.069,82,,.309,.379,,3,0,2024
10,New Orleans Pelicans,4,960,.396,14.2,,.612,.240,.175,.142,.056,.388,,.478,.593,.407,.375,.474,.267,,.455,.943,,.044,11,,.359,.234,,3,0,2024
11,New York Knicks,13,3145,.453,13.6,,.638,.257,.189,.129,.064,.362,,.497,.621,.380,.435,.466,.375,,.467,.800,,.053,50,,.235,.340,,4,1,2024
12,Oklahoma City Thunder,10,2400,.459,14.4,,.604,.240,.156,.140,.068,.396,,.527,.655,.373,.558,.362,.356,,.454,.884,,.055,41,,.312,.349,,3,0,2024
13,Orlando Magic,7,1680,.420,14.4,,.604,.243,.162,.136,.063,.396,,.493,.594,.368,.438,.541,.309,,.400,.903,,.043,20,,.249,.310,,0,0,2024
14,Philadelphia 76ers,6,1465,.444,15.0,,.572,.262,.140,.088,.082,.428,,.493,.588,.357,.432,.488,.379,,.496,.840,,.038,18,,.210,.467,,3,0,2024
15,Phoenix Suns,4,960,.465,13.5,,.657,.271,.162,.155,.069,.343,,.518,.695,.327,.489,.333,.365,,.485,.763,,.079,21,,.202,.333,,1,0,2024
16,Atlanta Hawks,6,1440,.457,14.6,,.612,.201,.220,.111,.081,.388,,.508,.638,.433,.406,.532,.375,,.472,.738,,.050,24,,.192,.419,,1,0,2023
17,Boston Celtics,20,4825,.478,15.1,,.548,.204,.225,.067,.053,.452,,.572,.718,.506,.491,.389,.364,,.491,.783,,.050,81,,.210,.426,,6,1,2023
18,Brooklyn Nets,4,960,.440,15.5,,.553,.188,.188,.129,.049,.447,,.532,.655,.534,.375,.467,.326,,.571,.822,,.061,17,,.239,.303,,1,0,2023
19,Cleveland Cavaliers,5,1200,.449,14.1,,.610,.250,.163,.138,.059,.390,,.527,.684,.359,.481,.435,.327,,.556,.800,,.084,31,,.288,.341,,1,0,2023
20,Denver Nuggets,20,4825,.492,13.6,,.651,.195,.284,.092,.080,.349,,.554,.713,.507,.481,.416,.375,,.534,.818,,.060,93,,.228,.365,,6,0,2023
21,Golden State Warriors,13,3120,.448,15.7,,.546,.148,.253,.066,.079,.454,,.538,.706,.497,.450,.427,.340,,.619,.771,,.030,33,,.190,.419,,1,0,2023
22,Los Angeles Clippers,5,1200,.460,14.1,,.619,.217,.244,.102,.056,.381,,.522,.677,.481,.356,.400,.361,,.420,.787,,.052,20,,.183,.290,,2,0,2023
23,Los Angeles Lakers,16,3865,.471,13.9,,.653,.193,.249,.129,.082,.347,,.544,.688,.513,.478,.404,.335,,.517,.883,,.062,75,,.202,.378,,3,1,2023
24,Memphis Grizzlies,6,1465,.402,13.8,,.596,.217,.273,.066,.040,.404,,.463,.645,.372,.342,.304,.312,,.506,.833,,.037,19,,.260,.300,,2,0,2023
25,Miami Heat,23,5545,.458,14.6,,.612,.198,.201,.141,.072,.388,,.507,.702,.405,.426,.413,.380,,.492,.806,,.047,90,,.252,.410,,3,0,2023
26,Milwaukee Bucks,5,1225,.475,15.6,,.555,.192,.173,.127,.063,.445,,.553,.697,.525,.458,.379,.379,,.507,.795,,.035,16,,.267,.418,,1,0,2023
27,Minnesota Timberwolves,5,1225,.458,13.3,,.610,.223,.278,.070,.039,.390,,.528,.674,.470,.414,.313,.348,,.504,.821,,.058,23,,.304,.388,,1,0,2023
28,New York Knicks,11,2640,.433,14.2,,.598,.252,.172,.112,.063,.402,,.528,.642,.481,.420,.393,.292,,.420,.829,,.051,42,,.331,.328,,1,0,2023
29,Philadelphia 76ers,11,2665,.437,14.6,,.596,.207,.211,.115,.064,.404,,.490,.623,.405,.443,.424,.359,,.411,.739,,.031,29,,.292,.404,,1,0,2023
30,Phoenix Suns,11,2640,.496,14.2,,.703,.113,.252,.227,.110,.297,,.553,.741,.581,.447,.514,.363,,.515,.767,,.047,40,,.306,.345,,1,0,2023
31,Sacramento Kings,7,1680,.429,14.9,,.584,.148,.272,.099,.066,.416,,.517,.687,.440,.545,.409,.306,,.416,.824,,.046,30,,.252,.286,,2,0,2023
32,Atlanta Hawks,5,1200,.440,16.0,,.552,.184,.153,.115,.100,.448,,.532,.722,.433,.556,.308,.326,,.443,.737,,.046,15,,.320,.411,,0,0,2022
33,Boston Celtics,24,5760,.449,15.5,,.552,.187,.210,.081,.073,.448,,.511,.698,.412,.465,.368,.373,,.566,.838,,.043,75,,.237,.409,,3,0,2022
34,Brooklyn Nets,4,960,.503,15.4,,.651,.189,.138,.122,.202,.349,,.547,.712,.535,.579,.381,.422,,.477,.783,,.051,15,,.275,.567,,0,0,2022
35,Chicago Bulls,5,1200,.404,16.3,,.592,.180,.122,.113,.177,.408,,.487,.642,.400,.373,.463,.283,,.500,.962,,.024,11,,.283,.269,,1,0,2022
36,Dallas Mavericks,18,4320,.449,16.4,,.487,.139,.225,.082,.040,.513,,.521,.713,.439,.467,.431,.380,,.341,.771,,.031,42,,.280,.445,,2,0,2022
37,Denver Nuggets,5,1200,.476,15.0,,.621,.097,.355,.101,.068,.379,,.549,.800,.551,.405,.393,.357,,.525,.911,,.034,12,,.274,.326,,4,0,2022
38,Golden State Warriors,22,5280,.480,15.7,,.567,.130,.268,.091,.078,.433,,.561,.737,.546,.422,.476,.375,,.585,.786,,.051,87,,.189,.361,,3,0,2022
39,Memphis Grizzlies,12,2880,.435,13.7,,.608,.226,.258,.089,.034,.392,,.480,.637,.420,.306,.351,.365,,.544,.815,,.057,54,,.237,.314,,2,1,2022
40,Miami Heat,18,4320,.445,14.9,,.592,.223,.168,.109,.092,.408,,.536,.708,.473,.431,.359,.313,,.480,.816,,.052,75,,.275,.308,,3,0,2022
41,Milwaukee Bucks,12,2880,.438,14.2,,.633,.233,.208,.103,.088,.367,,.501,.744,.350,.376,.366,.327,,.427,.843,,.063,63,,.222,.453,,6,0,2022
42,Minnesota Timberwolves,6,1440,.443,14.1,,.565,.291,.157,.055,.063,.435,,.486,.622,.312,.407,.355,.388,,.533,.783,,.071,30,,.262,.375,,1,0,2022
43,New Orleans Pelicans,6,1440,.462,13.3,,.688,.231,.221,.144,.091,.312,,.511,.701,.402,.452,.391,.354,,.461,.821,,.051,20,,.165,.423,,2,0,2022
44,Philadelphia 76ers,12,2905,.465,14.6,,.574,.247,.162,.119,.046,.426,,.534,.720,.428,.393,.279,.373,,.500,.785,,.046,41,,.305,.393,,1,0,2022
45,Phoenix Suns,13,3120,.497,13.8,,.672,.203,.207,.175,.087,.328,,.563,.752,.493,.447,.521,.363,,.582,.758,,.060,64,,.221,.397,,1,0,2022
46,Toronto Raptors,6,1465,.446,14.9,,.618,.213,.205,.074,.126,.382,,.536,.827,.368,.368,.415,.299,,.421,.881,,.070,34,,.228,.378,,2,0,2022
47,Utah Jazz,6,1440,.443,13.5,,.622,.194,.300,.101,.027,.378,,.546,.707,.451,.583,.308,.274,,.416,.735,,.059,24,,.184,.364,,1,0,2022
48,Atlanta Hawks,18,4320,.449,15.3,,.606,.196,.170,.136,.104,.394,,.517,.690,.432,.488,.370,.343,,.439,.706,,.067,92,,.198,.402,,2,0,2021
49,Boston Celtics,5,1200,.435,14.9,,.585,.243,.152,.107,.084,.415,,.496,.626,.373,.340,.541,.350,,.469,.703,,.052,21,,.213,.410,,2,0,2021
50,Brooklyn Nets,12,2905,.472,15.2,,.587,.212,.158,.145,.073,.413,,.535,.648,.399,.527,.520,.382,,.480,.706,,.049,43,,.129,.345,,3,0,2021
51,Dallas Mavericks,7,1680,.455,15.1,,.593,.201,.199,.125,.068,.407,,.501,.669,.383,.440,.463,.388,,.469,.642,,.047,24,,.147,.333,,1,0,2021
52,Denver Nuggets,10,2450,.457,14.8,,.582,.243,.167,.087,.086,.418,,.510,.670,.442,.313,.392,.382,,.453,.850,,.042,36,,.205,.481,,3,0,2021
53,Los Angeles Clippers,19,4560,.477,15.6,,.556,.209,.157,.101,.088,.444,,.554,.663,.506,.462,.489,.381,,.379,.810,,.051,70,,.265,.361,,2,0,2021
54,Los Angeles Lakers,6,1440,.414,13.7,,.604,.319,.127,.090,.068,.396,,.488,.623,.444,.289,.206,.299,,.483,.763,,.060,27,,.208,.268,,0,0,2021
55,Memphis Grizzlies,5,1200,.468,12.9,,.665,.201,.316,.119,.030,.335,,.538,.758,.436,.411,.643,.329,,.391,.846,,.047,21,,.165,.269,,2,0,2021
56,Miami Heat,4,985,.395,15.5,,.599,.193,.148,.179,.078,.401,,.435,.594,.321,.391,.357,.336,,.505,.813,,.022,8,,.203,.448,,0,0,2021
57,Milwaukee Bucks,23,5570,.462,14.2,,.616,.251,.165,.132,.068,.384,,.550,.724,.431,.426,.437,.321,,.461,.767,,.056,112,,.231,.403,,4,0,2021
58,New York Knicks,5,1200,.398,13.5,,.648,.289,.134,.130,.095,.352,,.429,.560,.345,.357,.244,.342,,.467,.712,,.032,14,,.250,.368,,0,0,2021
59,Philadelphia 76ers,12,2880,.496,13.4,,.669,.251,.201,.134,.083,.331,,.547,.717,.454,.370,.541,.393,,.481,.881,,.061,56,,.161,.473,,2,0,2021
60,Phoenix Suns,22,5280,.481,14.7,,.650,.202,.169,.167,.113,.350,,.537,.701,.468,.494,.412,.376,,.479,.805,,.043,76,,.239,.436,,5,0,2021
61,Portland Trail Blazers,6,1490,.475,15.7,,.557,.215,.172,.075,.094,.443,,.525,.684,.462,.475,.320,.413,,.484,.639,,.040,17,,.204,.375,,1,0,2021
62,Utah Jazz,11,2640,.472,16.2,,.482,.195,.201,.058,.027,.518,,.536,.707,.430,.389,.400,.413,,.389,.621,,.052,44,,.175,.440,,2,0,2021
63,Washington Wizards,5,1200,.458,12.7,,.727,.233,.239,.131,.124,.273,,.522,.738,.377,.500,.418,.289,,.482,.886,,.059,24,,.223,.296,,1,0,2021
64,Boston Celtics,17,4155,.454,15.2,,.571,.244,.131,.114,.082,.429,,.539,.688,.397,.467,.424,.341,,.501,.768,,.061,74,,.237,.388,,3,0,2020
65,Brooklyn Nets,4,960,.397,17.2,,.496,.156,.126,.145,.068,.504,,.459,.667,.391,.302,.440,.337,,.614,.839,,.030,8,,.315,.310,,3,0,2020
66,Dallas Mavericks,6,1465,.473,15.2,,.579,.204,.172,.120,.084,.421,,.555,.734,.446,.406,.556,.360,,.390,.765,,.036,18,,.231,.442,,1,0,2020
67,Denver Nuggets,19,4585,.471,14.9,,.608,.233,.145,.121,.108,.392,,.530,.667,.421,.484,.432,.379,,.489,.777,,.043,56,,.226,.324,,6,0,2020
68,Houston Rockets,12,2905,.436,16.0,,.455,.233,.161,.038,.022,.545,,.526,.654,.416,.308,.348,.362,,.382,.798,,.025,20,,.326,.432,,1,1,2020
69,Indiana Pacers,4,960,.455,15.0,,.601,.234,.156,.109,.103,.399,,.508,.640,.440,.486,.333,.375,,.541,.771,,.022,6,,.180,.435,,0,0,2020
70,Los Angeles Clippers,13,3145,.474,14.2,,.620,.248,.153,.142,.077,.380,,.539,.655,.465,.494,.395,.368,,.373,.860,,.061,55,,.295,.429,,3,0,2020
71,Los Angeles Lakers,21,5040,.489,14.2,,.593,.294,.133,.078,.088,.407,,.581,.724,.468,.401,.432,.354,,.533,.843,,.082,130,,.361,.398,,4,0,2020
72,Miami Heat,21,5090,.460,15.3,,.567,.214,.166,.124,.064,.433,,.536,.693,.455,.432,.427,.359,,.536,.903,,.050,79,,.218,.350,,5,0,2020
73,Milwaukee Bucks,10,2425,.460,15.2,,.574,.223,.162,.092,.098,.426,,.536,.706,.426,.450,.412,.358,,.496,.827,,.060,51,,.272,.396,,1,0,2020
74,Oklahoma City Thunder,7,1705,.430,15.4,,.572,.239,.154,.085,.094,.428,,.506,.601,.424,.451,.446,.328,,.358,.750,,.035,17,,.219,.339,,3,0,2020
75,Orlando Magic,5,1200,.420,17.0,,.551,.153,.111,.147,.140,.449,,.455,.574,.367,.446,.403,.377,,.514,.827,,.016,6,,.131,.462,,1,0,2020
76,Philadelphia 76ers,4,960,.396,14.8,,.640,.182,.190,.164,.104,.360,,.470,.656,.344,.455,.400,.264,,.426,.844,,.027,8,,.157,.316,,0,0,2020
77,Portland Trail Blazers,5,1200,.426,14.4,,.653,.254,.143,.125,.132,.347,,.451,.598,.365,.400,.310,.379,,.385,.672,,.043,17,,.176,.481,,0,0,2020
78,Toronto Raptors,11,2690,.442,15.5,,.545,.263,.140,.070,.072,.455,,.508,.602,.397,.456,.429,.363,,.520,.826,,.034,32,,.149,.424,,4,1,2020
79,Utah Jazz,7,1705,.487,14.6,,.545,.251,.185,.075,.033,.455,,.542,.688,.387,.558,.263,.421,,.444,.682,,.066,36,,.249,.446,,1,0,2020
80,Boston Celtics,9,2160,.424,15.5,,.608,.226,.137,.114,.131,.392,,.476,.602,.298,.477,.444,.343,,.466,.892,,.038,27,,.205,.426,,4,0,2019
81,Brooklyn Nets,5,1200,.420,13.1,,.628,.330,.151,.112,.035,.372,,.477,.609,.261,.373,.500,.324,,.504,.491,,.063,26,,.094,.313,,1,0,2019
82,Denver Nuggets,14,3460,.442,12.3,,.692,.266,.243,.121,.063,.308,,.486,.625,.381,.444,.380,.344,,.532,.821,,.032,38,,.175,.265,,2,0,2019
83,Detroit Pistons,4,960,.388,13.7,,.656,.258,.176,.132,.090,.344,,.417,.480,.309,.451,.400,.331,,.500,.886,,.067,20,,.286,.316,,1,0,2019
84,Golden State Warriors,22,5330,.477,15.4,,.620,.240,.120,.132,.128,.380,,.541,.745,.408,.412,.417,.372,,.664,.757,,.071,127,,.199,.385,,15,0,2019
85,Houston Rockets,11,2665,.444,16.1,,.490,.216,.184,.064,.026,.510,,.524,.673,.365,.525,.417,.366,,.414,.599,,.052,42,,.200,.415,,5,0,2019
86,Indiana Pacers,4,960,.401,14.1,,.644,.314,.108,.069,.153,.356,,.437,.581,.361,.261,.275,.336,,.574,.725,,.030,10,,.160,.421,,0,0,2019
87,Los Angeles Clippers,6,1440,.447,14.2,,.645,.269,.161,.112,.103,.355,,.493,.660,.337,.417,.382,.363,,.535,.884,,.052,28,,.147,.357,,2,0,2019
88,Milwaukee Bucks,15,3650,.450,14.6,,.569,.306,.124,.085,.054,.431,,.536,.719,.255,.372,.408,.336,,.519,.859,,.051,64,,.207,.347,,2,0,2019
89,Oklahoma City Thunder,5,1200,.440,13.5,,.635,.293,.142,.102,.098,.365,,.502,.571,.410,.500,.429,.331,,.474,.923,,.060,21,,.299,.404,,1,0,2019
90,Orlando Magic,5,1200,.388,15.2,,.581,.224,.149,.104,.104,.419,,.452,.624,.355,.326,.349,.299,,.495,.788,,.053,19,,.241,.405,,0,0,2019
91,Philadelphia 76ers,12,2880,.459,13.2,,.669,.276,.176,.131,.086,.331,,.522,.651,.414,.452,.438,.331,,.525,.920,,.039,37,,.261,.371,,3,0,2019
92,Portland Trail Blazers,16,3965,.436,13.9,,.637,.287,.151,.110,.089,.363,,.479,.599,.317,.415,.450,.360,,.434,.656,,.039,50,,.166,.425,,7,0,2019
93,San Antonio Spurs,7,1680,.463,12.5,,.767,.221,.237,.178,.131,.233,,.501,.652,.489,.368,.449,.338,,.463,.894,,.032,15,,.187,.385,,2,0,2019
94,Toronto Raptors,24,5810,.444,14.9,,.594,.226,.168,.104,.096,.406,,.512,.687,.416,.374,.413,.346,,.502,.808,,.050,87,,.260,.335,,2,0,2019
95,Utah Jazz,5,1200,.400,13.7,,.586,.299,.176,.074,.037,.414,,.498,.674,.263,.438,.313,.263,,.571,.915,,.083,31,,.296,.226,,2,0,2019
96,Boston Celtics,19,4610,.437,13.4,,.633,.289,.154,.099,.091,.367,,.493,.646,.303,.417,.410,.343,,.481,.834,,.057,76,,.198,.435,,2,0,2018
97,Cleveland Cavaliers,22,5330,.450,13.9,,.630,.274,.138,.106,.112,.370,,.520,.726,.365,.356,.363,.331,,.414,.810,,.048,81,,.241,.366,,7,1,2018
98,Golden State Warriors,21,5065,.480,14.6,,.635,.243,.107,.153,.132,.365,,.550,.738,.378,.444,.464,.357,,.596,.732,,.073,122,,.200,.379,,5,0,2018
99,Houston Rockets,17,4080,.436,14.5,,.534,.245,.170,.083,.037,.466,,.522,.679,.366,.483,.283,.337,,.441,.623,,.058,82,,.232,.439,,2,0,2018
100,Indiana Pacers,7,1680,.481,13.1,,.661,.337,.118,.080,.127,.339,,.544,.709,.394,.422,.324,.358,,.475,.765,,.039,19,,.247,.362,,3,0,2018
101,Miami Heat,5,1200,.442,13.2,,.667,.304,.114,.116,.133,.333,,.467,.571,.319,.438,.382,.391,,.535,.926,,.056,19,,.152,.667,,1,0,2018
102,Milwaukee Bucks,7,1705,.500,13.1,,.672,.270,.170,.128,.104,.328,,.563,.750,.419,.457,.439,.372,,.444,.925,,.077,40,,.244,.386,,2,0,2018
103,Minnesota Timberwolves,5,1200,.460,11.2,,.736,.339,.194,.092,.111,.264,,.477,.621,.375,.289,.370,.413,,.490,.911,,.031,13,,.358,.487,,1,0,2018
104,New Orleans Pelicans,9,2160,.478,12.6,,.699,.286,.176,.131,.108,.301,,.526,.714,.451,.330,.379,.366,,.579,.787,,.058,45,,.156,.368,,4,1,2018
105,Oklahoma City Thunder,6,1440,.430,13.5,,.667,.268,.146,.123,.129,.333,,.462,.619,.289,.453,.343,.364,,.350,.667,,.058,29,,.214,.405,,3,0,2018
106,Philadelphia 76ers,10,2425,.437,12.8,,.669,.316,.157,.095,.101,.331,,.486,.621,.345,.357,.404,.338,,.569,.949,,.045,36,,.126,.432,,1,0,2018
107,Portland Trail Blazers,4,960,.453,12.6,,.646,.343,.121,.107,.074,.354,,.519,.672,.364,.308,.370,.333,,.336,.814,,.063,21,,.217,.357,,1,0,2018
108,San Antonio Spurs,5,1200,.413,14.3,,.663,.189,.196,.131,.148,.337,,.471,.747,.378,.418,.290,.298,,.458,.833,,.041,15,,.213,.367,,3,0,2018
109,Toronto Raptors,10,2425,.473,12.1,,.676,.330,.177,.101,.067,.324,,.513,.618,.486,.325,.345,.390,,.470,.808,,.049,35,,.217,.431,,2,0,2018
110,Utah Jazz,11,2640,.455,12.2,,.639,.334,.180,.058,.066,.361,,.509,.666,.335,.302,.383,.359,,.434,.797,,.081,67,,.261,.430,,2,0,2018
111,Washington Wizards,6,1440,.466,12.9,,.744,.252,.159,.157,.176,.256,,.500,.667,.383,.438,.422,.366,,.526,.833,,.057,29,,.176,.478,,3,0,2018
112,Atlanta Hawks,6,1440,.444,12.7,,.677,.335,.138,.097,.107,.323,,.510,.588,.414,.490,.407,.305,,.571,.680,,.055,24,,.165,.333,,0,0,2017
113,Boston Celtics,18,4345,.457,14.4,,.590,.315,.100,.061,.112,.410,,.517,.639,.411,.366,.361,.369,,.606,.895,,.039,49,,.219,.375,,3,0,2017
114,Chicago Bulls,6,1440,.440,12.8,,.715,.303,.172,.105,.135,.285,,.497,.600,.459,.346,.433,.298,,.477,.857,,.016,8,,.291,.220,,1,0,2017
115,Cleveland Cavaliers,18,4320,.493,14.3,,.592,.290,.126,.068,.108,.408,,.544,.675,.418,.327,.469,.420,,.437,.730,,.055,77,,.284,.445,,1,0,2017
116,Golden State Warriors,17,4080,.494,14.6,,.622,.281,.112,.117,.112,.378,,.559,.709,.418,.428,.458,.386,,.625,.731,,.078,109,,.190,.425,,11,0,2017
117,Houston Rockets,11,2665,.439,14.0,,.548,.344,.118,.043,.045,.452,,.525,.602,.400,.500,.262,.333,,.424,.716,,.045,40,,.173,.411,,3,0,2017
118,Indiana Pacers,4,960,.466,14.1,,.670,.230,.184,.109,.147,.330,,.502,.550,.500,.447,.471,.391,,.513,.667,,.037,12,,.235,.444,,1,0,2017
119,Los Angeles Clippers,7,1680,.473,13.8,,.696,.276,.139,.132,.148,.304,,.528,.732,.413,.437,.338,.348,,.429,.772,,.072,36,,.195,.438,,4,0,2017
120,Memphis Grizzlies,6,1465,.449,13.1,,.687,.292,.156,.119,.121,.313,,.478,.533,.472,.418,.411,.386,,.454,.786,,.030,13,,.248,.417,,2,0,2017
121,Milwaukee Bucks,6,1440,.446,12.2,,.723,.316,.186,.100,.124,.277,,.457,.588,.345,.362,.362,.415,,.484,.963,,.062,25,,.300,.436,,0,0,2017
122,Oklahoma City Thunder,5,1200,.442,12.8,,.691,.336,.121,.103,.130,.309,,.500,.605,.415,.333,.439,.311,,.444,.762,,.073,26,,.185,.280,,3,0,2017
123,Portland Trail Blazers,4,960,.397,14.3,,.620,.279,.131,.103,.109,.380,,.441,.500,.426,.378,.359,.324,,.337,.682,,.056,15,,.206,.357,,1,0,2017
124,San Antonio Spurs,16,3890,.462,12.7,,.718,.300,.149,.137,.130,.282,,.506,.651,.408,.400,.400,.350,,.435,.891,,.051,62,,.292,.377,,5,0,2017
125,Toronto Raptors,10,2400,.444,13.0,,.704,.282,.167,.096,.160,.296,,.491,.576,.504,.316,.433,.332,,.469,.859,,.044,28,,.379,.360,,1,0,2017
126,Utah Jazz,11,2640,.455,13.5,,.669,.233,.194,.144,.099,.331,,.499,.682,.503,.315,.329,.365,,.465,.798,,.060,48,,.249,.423,,1,0,2017
127,Washington Wizards,13,3145,.457,13.4,,.698,.297,.130,.118,.153,.302,,.518,.612,.426,.485,.443,.317,,.502,.817,,.038,41,,.224,.312,,5,0,2017
128,Atlanta Hawks,10,2425,.432,13.4,,.625,.333,.114,.070,.106,.375,,.491,.592,.474,.390,.267,.333,,.512,.877,,.033,26,,.208,.318,,0,0,2016
129,Boston Celtics,6,1465,.384,13.3,,.648,.356,.074,.082,.136,.352,,.443,.513,.400,.455,.274,.275,,.526,.846,,.019,10,,.249,.340,,1,0,2016
130,Charlotte Hornets,7,1680,.396,11.5,,.769,.339,.178,.115,.137,.231,,.423,.508,.380,.369,.312,.308,,.366,.700,,.021,10,,.138,.278,,1,0,2016
131,Cleveland Cavaliers,21,5040,.469,13.8,,.630,.290,.132,.097,.111,.370,,.506,.643,.344,.413,.421,.406,,.437,.798,,.060,95,,.287,.456,,4,0,2016
132,Dallas Mavericks,5,1200,.436,12.6,,.736,.293,.163,.123,.160,.264,,.488,.605,.394,.360,.462,.290,,.521,.871,,.057,20,,.215,.304,,2,0,2016
133,Detroit Pistons,4,960,.478,12.6,,.691,.296,.176,.126,.093,.309,,.524,.674,.358,.421,.500,.376,,.505,.914,,.027,8,,.323,.500,,1,0,2016
134,Golden State Warriors,24,5785,.455,14.3,,.621,.278,.131,.125,.088,.379,,.492,.618,.372,.395,.409,.393,,.532,.810,,.056,105,,.230,.413,,9,0,2016
135,Houston Rockets,5,1200,.386,13.1,,.668,.234,.243,.112,.079,.332,,.444,.600,.337,.354,.441,.268,,.480,.763,,.063,25,,.289,.268,,3,0,2016
136,Indiana Pacers,7,1680,.441,13.1,,.716,.267,.177,.090,.181,.284,,.464,.550,.366,.404,.463,.383,,.460,.825,,.048,24,,.336,.340,,1,0,2016
137,Los Angeles Clippers,6,1440,.437,13.3,,.771,.237,.176,.155,.202,.229,,.481,.669,.411,.405,.379,.291,,.418,.882,,.061,29,,.120,.214,,1,0,2016
138,Memphis Grizzlies,4,960,.394,11.6,,.803,.354,.154,.080,.218,.197,,.418,.487,.240,.423,.423,.297,,.459,.842,,.031,9,,.234,.333,,2,0,2016
139,Miami Heat,14,3435,.458,12.7,,.762,.257,.192,.146,.169,.238,,.489,.645,.444,.433,.347,.358,,.362,.802,,.041,39,,.351,.404,,5,0,2016
140,Oklahoma City Thunder,18,4320,.452,12.9,,.705,.297,.134,.129,.147,.295,,.502,.632,.377,.367,.471,.333,,.458,.819,,.059,79,,.304,.368,,3,0,2016
141,Portland Trail Blazers,11,2665,.416,14.3,,.649,.264,.123,.123,.138,.351,,.436,.548,.339,.380,.356,.381,,.516,.718,,.050,43,,.250,.442,,2,0,2016
142,San Antonio Spurs,10,2400,.470,12.3,,.769,.277,.164,.169,.159,.231,,.481,.596,.481,.374,.397,.432,,.462,.878,,.035,28,,.326,.500,,2,0,2016
143,Toronto Raptors,20,4875,.421,13.4,,.718,.244,.173,.122,.179,.282,,.469,.636,.367,.434,.364,.298,,.380,.774,,.044,61,,.272,.320,,2,0,2016
144,Atlanta Hawks,16,3890,.431,13.1,,.665,.308,.152,.079,.127,.335,,.488,.658,.365,.241,.379,.317,,.587,.821,,.026,34,,.223,.363,,1,0,2015
145,Boston Celtics,4,960,.420,12.4,,.740,.287,.181,.124,.148,.260,,.478,.632,.350,.439,.367,.256,,.504,.955,,.024,7,,.140,.417,,0,0,2015
146,Brooklyn Nets,6,1465,.435,13.5,,.711,.234,.198,.110,.168,.289,,.468,.564,.485,.345,.393,.354,,.512,.882,,.026,13,,.347,.360,,3,0,2015
147,Chicago Bulls,12,2930,.419,13.1,,.706,.307,.140,.108,.150,.294,,.438,.553,.333,.358,.358,.373,,.566,.818,,.043,39,,.207,.492,,6,1,2015
148,Cleveland Cavaliers,20,4875,.420,13.9,,.653,.264,.161,.096,.132,.347,,.462,.644,.326,.333,.356,.340,,.403,.800,,.047,66,,.258,.378,,3,0,2015
149,Dallas Mavericks,5,1200,.452,12.6,,.735,.274,.185,.124,.150,.265,,.503,.675,.365,.509,.362,.311,,.429,.868,,.067,30,,.238,.345,,3,0,2015
150,Golden State Warriors,21,5115,.453,14.0,,.638,.280,.150,.089,.118,.362,,.498,.655,.353,.350,.421,.374,,.584,.775,,.075,119,,.251,.435,,5,1,2015
151,Houston Rockets,17,4080,.448,12.3,,.670,.318,.204,.064,.085,.330,,.499,.696,.311,.333,.342,.344,,.538,.727,,.091,123,,.237,.315,,2,0,2015
152,Los Angeles Clippers,14,3385,.466,13.6,,.700,.257,.174,.091,.179,.300,,.525,.711,.403,.463,.406,.329,,.518,.761,,.071,73,,.230,.366,,2,0,2015
153,Memphis Grizzlies,11,2640,.425,11.6,,.834,.266,.230,.155,.183,.166,,.447,.565,.338,.483,.385,.312,,.539,.792,,.026,19,,.221,.412,,2,0,2015
154,Milwaukee Bucks,6,1490,.388,12.1,,.794,.321,.138,.127,.208,.206,,.410,.471,.411,.343,.355,.303,,.535,.909,,.025,11,,.248,.481,,1,0,2015
155,New Orleans Pelicans,4,985,.450,13.0,,.749,.266,.160,.151,.172,.251,,.494,.567,.444,.490,.431,.318,,.568,.815,,.059,18,,.118,.000,,0,0,2015
156,Portland Trail Blazers,5,1200,.400,13.6,,.687,.316,.100,.112,.158,.313,,.422,.545,.333,.298,.318,.351,,.339,.913,,.017,7,,.168,.364,,0,0,2015
157,San Antonio Spurs,7,1705,.449,13.2,,.693,.236,.226,.112,.119,.307,,.486,.582,.452,.448,.394,.366,,.527,.940,,.018,10,,.257,.447,,1,0,2015
158,Toronto Raptors,4,985,.416,13.2,,.717,.207,.258,.102,.150,.283,,.462,.699,.396,.222,.415,.300,,.453,.833,,.034,10,,.280,.321,,2,0,2015
159,Washington Wizards,10,2425,.441,13.2,,.724,.295,.135,.114,.181,.276,,.456,.598,.386,.396,.314,.403,,.509,.947,,.026,21,,.262,.443,,1,0,2015
160,Atlanta Hawks,7,1680,.385,15.5,,.583,.234,.134,.080,.134,.417,,.414,.574,.284,.250,.365,.343,,.391,.835,,.013,7,,.170,.308,,1,0,2014
161,Brooklyn Nets,12,2880,.463,13.5,,.698,.256,.170,.134,.138,.302,,.515,.649,.490,.430,.379,.342,,.432,.860,,.031,24,,.268,.411,,1,0,2014
162,Charlotte Bobcats,4,960,.449,12.6,,.718,.299,.186,.083,.150,.282,,.481,.533,.429,.560,.400,.365,,.538,.742,,.040,12,,.224,.263,,0,0,2014
163,Chicago Bulls,5,1225,.422,13.0,,.756,.305,.130,.092,.229,.244,,.451,.592,.314,.389,.367,.333,,.545,.875,,.036,14,,.240,.348,,0,0,2014
164,Dallas Mavericks,7,1680,.451,13.9,,.741,.249,.120,.147,.226,.259,,.478,.609,.452,.472,.350,.376,,.442,.661,,.033,19,,.261,.341,,3,0,2014
165,Golden State Warriors,7,1680,.460,12.9,,.684,.306,.174,.098,.107,.316,,.505,.657,.396,.281,.452,.364,,.592,.776,,.091,50,,.272,.400,,3,0,2014
166,Houston Rockets,6,1515,.445,10.9,,.720,.378,.215,.056,.071,.280,,.495,.558,.407,.290,.590,.318,,.372,.755,,.075,36,,.221,.324,,2,0,2014
167,Indiana Pacers,19,4560,.451,13.4,,.742,.255,.167,.123,.196,.258,,.476,.648,.414,.328,.399,.380,,.496,.777,,.033,44,,.295,.444,,4,1,2014
168,Los Angeles Clippers,13,3120,.461,14.0,,.698,.250,.159,.091,.198,.302,,.507,.671,.373,.416,.450,.355,,.567,.731,,.056,55,,.242,.333,,2,1,2014
169,Memphis Grizzlies,7,1780,.417,10.9,,.827,.311,.238,.118,.159,.173,,.443,.594,.354,.329,.367,.290,,.558,.839,,.016,7,,.262,.250,,3,0,2014
170,Miami Heat,20,4800,.491,13.8,,.674,.292,.121,.086,.175,.326,,.536,.687,.503,.387,.381,.396,,.412,.806,,.040,54,,.323,.428,,2,0,2014
171,Oklahoma City Thunder,19,4685,.450,13.5,,.713,.273,.129,.149,.164,.287,,.500,.659,.397,.383,.421,.323,,.464,.762,,.054,77,,.203,.389,,6,0,2014
172,Portland Trail Blazers,11,2715,.437,13.0,,.740,.268,.162,.131,.179,.260,,.469,.625,.359,.405,.382,.347,,.391,.713,,.031,28,,.199,.400,,3,0,2014
173,San Antonio Spurs,23,5545,.491,12.8,,.733,.277,.176,.100,.179,.267,,.521,.672,.445,.428,.416,.409,,.473,.857,,.024,44,,.278,.449,,3,0,2014
174,Toronto Raptors,7,1680,.441,12.9,,.717,.252,.227,.083,.154,.283,,.492,.641,.466,.279,.400,.313,,.475,.804,,.039,19,,.279,.341,,2,0,2014
175,Washington Wizards,11,2665,.432,13.2,,.789,.281,.131,.124,.253,.211,,.458,.589,.348,.422,.387,.335,,.508,.871,,.039,33,,.211,.308,,3,0,2014
176,Atlanta Hawks,6,1440,.422,13.4,,.759,.239,.185,.082,.252,.241,,.452,.649,.349,.368,.368,.330,,.509,.919,,.052,23,,.179,.400,,1,0,2013
177,Boston Celtics,6,1465,.413,14.0,,.700,.244,.135,.116,.205,.300,,.448,.604,.321,.354,.400,.331,,.508,.854,,.031,13,,.282,.343,,1,0,2013
178,Brooklyn Nets,7,1755,.442,12.5,,.768,.323,.142,.097,.206,.232,,.480,.593,.506,.316,.364,.316,,.491,.767,,.063,32,,.301,.268,,0,0,2013
179,Chicago Bulls,12,2955,.438,12.8,,.787,.304,.123,.139,.221,.213,,.470,.586,.314,.406,.439,.319,,.515,.785,,.029,25,,.235,.313,,2,0,2013
180,Denver Nuggets,6,1440,.438,12.3,,.735,.305,.202,.100,.128,.265,,.484,.626,.369,.412,.385,.311,,.486,.929,,.071,33,,.281,.368,,3,0,2013
181,Golden State Warriors,12,2955,.462,13.6,,.735,.230,.180,.135,.191,.265,,.489,.644,.401,.431,.425,.388,,.495,.769,,.042,40,,.261,.486,,2,0,2013
182,Houston Rockets,6,1440,.424,13.9,,.584,.319,.144,.049,.072,.416,,.479,.619,.329,.333,.257,.347,,.397,.771,,.068,31,,.223,.422,,2,0,2013
183,Indiana Pacers,19,4585,.433,12.5,,.742,.300,.176,.112,.155,.258,,.470,.604,.431,.392,.311,.327,,.460,.882,,.050,64,,.242,.307,,6,0,2013
184,Los Angeles Clippers,6,1440,.467,12.7,,.746,.279,.177,.128,.162,.254,,.522,.667,.463,.431,.411,.304,,.489,.629,,.046,19,,.235,.370,,1,0,2013
185,Los Angeles Lakers,4,960,.442,13.1,,.763,.244,.196,.154,.170,.237,,.496,.776,.426,.313,.340,.270,,.475,.900,,.045,12,,.149,.273,,2,0,2013
186,Memphis Grizzlies,15,3675,.418,12.0,,.818,.277,.208,.114,.219,.182,,.439,.563,.402,.336,.369,.324,,.515,.889,,.019,21,,.369,.354,,4,0,2013
187,Miami Heat,23,5570,.468,12.9,,.736,.308,.117,.111,.199,.264,,.499,.659,.372,.408,.376,.381,,.488,.887,,.052,87,,.378,.438,,2,0,2013
188,Milwaukee Bucks,4,960,.433,12.8,,.700,.326,.150,.072,.153,.300,,.507,.620,.304,.500,.468,.261,,.550,.792,,.029,8,,.207,.211,,0,0,2013
189,New York Knicks,12,2905,.410,13.9,,.712,.287,.095,.123,.207,.288,,.438,.513,.380,.425,.368,.343,,.347,.792,,.049,45,,.193,.444,,3,0,2013
190,Oklahoma City Thunder,11,2665,.427,13.8,,.697,.238,.154,.144,.161,.303,,.460,.645,.348,.426,.324,.349,,.424,.811,,.057,46,,.324,.386,,5,0,2013
191,San Antonio Spurs,21,5190,.463,12.7,,.747,.254,.204,.121,.168,.253,,.492,.646,.449,.397,.379,.378,,.492,.891,,.030,46,,.281,.398,,1,0,2013
192,Atlanta Hawks,6,1465,.401,13.0,,.763,.288,.149,.095,.231,.237,,.430,.599,.380,.244,.327,.310,,.519,.686,,.065,29,,.239,.407,,1,0,2012
193,Boston Celtics,20,4875,.438,12.8,,.789,.291,.117,.130,.251,.211,,.479,.610,.389,.390,.415,.285,,.547,.828,,.044,61,,.294,.333,,0,0,2012
194,Chicago Bulls,6,1440,.421,13.1,,.843,.211,.176,.180,.277,.157,,.436,.598,.341,.379,.410,.342,,.652,.731,,.031,14,,.158,.333,,3,0,2012
195,Dallas Mavericks,4,960,.404,12.4,,.724,.272,.186,.157,.109,.276,,.416,.529,.362,.408,.235,.372,,.372,.844,,.042,10,,.291,.480,,0,0,2012
196,Denver Nuggets,7,1680,.430,11.3,,.787,.357,.195,.088,.147,.213,,.472,.570,.410,.400,.359,.278,,.487,.892,,.054,30,,.256,.382,,2,0,2012
197,Indiana Pacers,11,2665,.424,12.3,,.775,.269,.185,.150,.170,.225,,.455,.591,.426,.389,.329,.320,,.406,.857,,.034,30,,.340,.343,,0,0,2012
198,Los Angeles Clippers,11,2665,.458,12.6,,.783,.261,.194,.121,.207,.217,,.480,.644,.354,.460,.404,.378,,.444,.765,,.080,55,,.283,.451,,2,0,2012
199,Los Angeles Lakers,12,2880,.423,11.8,,.793,.290,.214,.114,.174,.207,,.454,.623,.346,.386,.351,.304,,.490,.794,,.068,61,,.348,.319,,1,0,2012
200,Memphis Grizzlies,7,1705,.427,11.6,,.845,.279,.223,.133,.210,.155,,.452,.577,.429,.310,.402,.289,,.466,.792,,.030,15,,.229,.263,,0,0,2012
201,Miami Heat,23,5570,.460,12.8,,.742,.277,.162,.130,.173,.258,,.499,.672,.424,.414,.354,.347,,.417,.841,,.059,91,,.325,.320,,1,0,2012
202,New York Knicks,5,1200,.417,13.0,,.752,.311,.134,.104,.204,.248,,.464,.544,.367,.474,.400,.275,,.375,.600,,.071,24,,.253,.435,,3,0,2012
203,Oklahoma City Thunder,20,4800,.465,12.5,,.760,.305,.130,.148,.178,.240,,.500,.602,.365,.470,.449,.355,,.413,.801,,.074,106,,.232,.427,,3,0,2012
204,Orlando Magic,5,1225,.398,14.7,,.684,.242,.113,.087,.242,.316,,.425,.543,.409,.324,.351,.341,,.469,.786,,.026,9,,.195,.292,,1,0,2012
205,Philadelphia 76ers,13,3120,.411,12.3,,.832,.262,.166,.178,.226,.168,,.432,.575,.363,.409,.336,.304,,.559,.615,,.045,41,,.170,.379,,2,0,2012
206,San Antonio Spurs,14,3360,.481,12.3,,.713,.286,.201,.101,.124,.287,,.507,.655,.464,.366,.350,.416,,.506,.894,,.024,22,,.347,.445,,2,0,2012
207,Utah Jazz,4,960,.382,11.5,,.869,.280,.216,.137,.236,.131,,.409,.500,.365,.319,.395,.200,,.484,.889,,.023,7,,.133,.167,,2,0,2012
208,Atlanta Hawks,12,2880,.434,13.6,,.816,.219,.177,.102,.319,.184,,.459,.618,.441,.441,.366,.323,,.516,.759,,.044,37,,.240,.275,,0,0,2011
209,Boston Celtics,9,2185,.465,12.3,,.792,.285,.155,.139,.214,.208,,.465,.574,.364,.427,.419,.465,,.506,.896,,.027,16,,.264,.605,,1,0,2011
210,Chicago Bulls,16,3865,.422,12.6,,.762,.325,.153,.074,.210,.238,,.451,.547,.350,.368,.406,.329,,.535,.842,,.051,60,,.254,.321,,7,1,2011
211,Dallas Mavericks,21,5065,.461,13.4,,.703,.234,.184,.146,.138,.297,,.489,.628,.383,.452,.433,.394,,.496,.842,,.045,67,,.253,.424,,6,0,2011
212,Denver Nuggets,5,1200,.423,12.5,,.761,.312,.148,.109,.192,.239,,.440,.550,.333,.262,.446,.370,,.442,.912,,.068,19,,.293,.333,,1,0,2011
213,Indiana Pacers,5,1200,.409,12.7,,.808,.294,.150,.092,.272,.192,,.417,.483,.383,.405,.367,.377,,.437,.724,,.025,10,,.221,.412,,2,1,2011
214,Los Angeles Lakers,10,2400,.446,12.2,,.787,.261,.221,.144,.161,.213,,.489,.655,.465,.393,.336,.289,,.505,.792,,.028,22,,.217,.278,,1,0,2011
215,Memphis Grizzlies,13,3245,.437,10.6,,.856,.301,.255,.120,.179,.144,,.457,.568,.394,.397,.398,.318,,.468,.900,,.027,26,,.344,.333,,5,0,2011
216,Miami Heat,21,5090,.445,13.1,,.756,.264,.164,.122,.206,.244,,.482,.667,.368,.367,.404,.331,,.439,.806,,.060,86,,.269,.386,,4,0,2011
217,New Orleans Hornets,6,1440,.457,12.7,,.805,.206,.227,.160,.211,.195,,.490,.629,.480,.464,.385,.321,,.576,.852,,.046,20,,.298,.400,,1,0,2011
218,New York Knicks,4,960,.386,12.7,,.714,.340,.108,.093,.172,.286,,.401,.487,.278,.258,.386,.347,,.453,.727,,.027,8,,.295,.321,,1,0,2011
219,Oklahoma City Thunder,17,4205,.443,12.8,,.750,.299,.143,.120,.188,.250,,.485,.637,.371,.364,.408,.316,,.436,.794,,.061,78,,.218,.338,,9,0,2011
220,Orlando Magic,6,1440,.409,13.8,,.690,.284,.160,.077,.169,.310,,.475,.651,.397,.314,.325,.262,,.403,.730,,.057,25,,.191,.296,,5,0,2011
221,Philadelphia 76ers,5,1200,.414,12.6,,.799,.250,.176,.176,.196,.201,,.420,.618,.347,.333,.313,.390,,.547,.844,,.054,19,,.244,.350,,0,0,2011
222,Portland Trail Blazers,6,1440,.453,12.1,,.772,.298,.182,.128,.164,.228,,.499,.672,.350,.393,.431,.300,,.450,.867,,.043,19,,.280,.250,,1,0,2011
223,San Antonio Spurs,6,1465,.436,12.2,,.765,.296,.201,.093,.175,.235,,.480,.664,.280,.512,.383,.294,,.465,.875,,.032,12,,.330,.306,,3,1,2011
224,Atlanta Hawks,11,2640,.425,12.2,,.829,.285,.158,.096,.290,.171,,.444,.548,.391,.357,.398,.333,,.429,.840,,.040,32,,.313,.383,,1,0,2010
225,Boston Celtics,24,5785,.453,12.0,,.789,.327,.137,.110,.215,.211,,.477,.577,.418,.365,.421,.363,,.561,.885,,.028,45,,.222,.435,,2,0,2010
226,Charlotte Bobcats,4,960,.443,12.1,,.759,.376,.089,.057,.238,.241,,.495,.566,.400,.438,.433,.279,,.585,1.000,,.046,13,,.162,.455,,1,0,2010
227,Chicago Bulls,5,1200,.439,12.1,,.875,.276,.155,.107,.336,.125,,.459,.513,.478,.435,.414,.296,,.468,.875,,.037,14,,.204,.182,,0,0,2010
228,Cleveland Cavaliers,11,2640,.469,12.4,,.723,.336,.144,.071,.172,.277,,.515,.636,.390,.379,.440,.348,,.557,.785,,.060,47,,.278,.349,,0,0,2010
229,Dallas Mavericks,6,1440,.429,12.7,,.756,.254,.176,.151,.174,.244,,.461,.579,.357,.472,.386,.328,,.494,.763,,.025,9,,.353,.341,,3,0,2010
230,Denver Nuggets,6,1440,.476,11.5,,.769,.406,.072,.106,.185,.231,,.511,.634,.500,.360,.333,.358,,.449,.821,,.072,29,,.239,.500,,3,0,2010
231,Los Angeles Lakers,23,5520,.460,12.6,,.745,.299,.147,.121,.178,.255,,.505,.597,.469,.429,.431,.330,,.464,.803,,.047,83,,.254,.339,,7,0,2010
232,Miami Heat,5,1200,.435,13.3,,.764,.275,.117,.142,.231,.236,,.454,.623,.289,.291,.438,.374,,.500,.618,,.067,25,,.154,.357,,1,0,2010
233,Milwaukee Bucks,7,1680,.424,12.8,,.732,.338,.095,.102,.197,.268,,.466,.569,.453,.368,.345,.309,,.405,.804,,.013,7,,.255,.447,,1,0,2010
234,Oklahoma City Thunder,6,1440,.391,11.9,,.764,.348,.093,.140,.183,.236,,.419,.476,.477,.364,.326,.297,,.464,.818,,.064,27,,.216,.333,,1,0,2010
235,Orlando Magic,14,3385,.463,14.1,,.620,.284,.127,.085,.124,.380,,.523,.605,.508,.476,.382,.366,,.399,.783,,.061,56,,.284,.393,,3,0,2010
236,Phoenix Suns,16,3840,.477,13.2,,.693,.281,.144,.104,.163,.307,,.519,.620,.402,.489,.466,.384,,.452,.840,,.047,56,,.294,.470,,1,0,2010
237,Portland Trail Blazers,6,1440,.430,13.3,,.783,.291,.095,.113,.284,.217,,.443,.612,.341,.500,.282,.380,,.513,.921,,.048,19,,.230,.304,,4,0,2010
238,San Antonio Spurs,10,2400,.464,11.6,,.819,.289,.192,.122,.215,.181,,.491,.621,.457,.417,.391,.338,,.462,.958,,.039,26,,.373,.340,,2,0,2010
239,Utah Jazz,10,2400,.479,11.3,,.781,.372,.117,.096,.196,.219,,.509,.601,.452,.421,.410,.374,,.579,.846,,.039,28,,.190,.364,,4,0,2010
240,Atlanta Hawks,11,2640,.409,12.7,,.762,.285,.156,.109,.212,.238,,.428,.563,.381,.318,.337,.347,,.508,.776,,.059,41,,.301,.241,,3,0,2009
241,Boston Celtics,14,3535,.445,12.9,,.778,.302,.119,.108,.249,.222,,.469,.545,.464,.441,.392,.360,,.544,.926,,.021,23,,.268,.329,,2,0,2009
242,Chicago Bulls,7,1855,.441,12.7,,.779,.333,.084,.110,.252,.221,,.459,.512,.392,.388,.442,.378,,.472,.706,,.044,23,,.207,.500,,2,0,2009
243,Cleveland Cavaliers,14,3385,.463,13.8,,.737,.287,.094,.094,.261,.263,,.508,.656,.434,.384,.418,.336,,.500,.763,,.058,55,,.329,.363,,2,1,2009
244,Dallas Mavericks,10,2400,.470,13.7,,.728,.240,.125,.145,.217,.272,,.514,.610,.432,.473,.482,.354,,.435,.795,,.034,25,,.277,.456,,1,0,2009
245,Denver Nuggets,16,3840,.475,12.5,,.731,.361,.088,.077,.206,.269,,.509,.614,.464,.351,.403,.383,,.570,.744,,.081,95,,.187,.460,,5,0,2009
246,Detroit Pistons,4,960,.409,14.2,,.841,.234,.078,.110,.419,.159,,.440,.583,.250,.324,.426,.245,,.474,1.000,,.016,5,,.449,.318,,2,0,2009
247,Houston Rockets,13,3120,.447,13.0,,.735,.315,.119,.087,.213,.265,,.490,.567,.466,.395,.427,.328,,.447,.721,,.035,31,,.237,.339,,6,0,2009
248,Los Angeles Lakers,23,5570,.465,12.3,,.771,.302,.152,.125,.192,.229,,.491,.583,.480,.457,.376,.377,,.451,.813,,.060,102,,.262,.477,,4,0,2009
249,Miami Heat,7,1680,.450,15.0,,.713,.216,.097,.138,.263,.287,,.487,.638,.426,.463,.398,.357,,.444,.600,,.045,19,,.143,.450,,3,0,2009
250,New Orleans Hornets,5,1200,.396,12.7,,.738,.322,.085,.117,.214,.262,,.421,.566,.267,.366,.293,.326,,.505,.800,,.057,19,,.283,.423,,0,0,2009
251,Orlando Magic,24,5835,.457,12.9,,.691,.293,.161,.102,.136,.309,,.501,.596,.454,.413,.419,.360,,.451,.846,,.059,99,,.306,.415,,5,0,2009
252,Philadelphia 76ers,6,1440,.453,12.7,,.789,.296,.109,.136,.249,.211,,.476,.594,.429,.410,.393,.368,,.432,.971,,.051,23,,.295,.357,,2,0,2009
253,Portland Trail Blazers,6,1440,.447,13.4,,.810,.251,.114,.172,.273,.190,,.461,.643,.412,.442,.328,.388,,.377,.758,,.054,22,,.224,.526,,3,0,2009
254,San Antonio Spurs,5,1200,.457,12.5,,.770,.287,.146,.146,.191,.230,,.495,.618,.339,.393,.507,.330,,.377,.862,,.029,10,,.386,.441,,1,0,2009
255,Utah Jazz,5,1200,.432,11.8,,.820,.351,.072,.104,.294,.180,,.452,.563,.448,.500,.303,.342,,.700,.880,,.062,25,,.205,.467,,0,0,2009
256,Atlanta Hawks,7,1680,.411,12.7,,.826,.309,.130,.072,.315,.174,,.430,.565,.446,.278,.325,.322,,.548,.893,,.040,18,,.172,.333,,0,0,2008
257,Boston Celtics,26,6240,.447,12.8,,.776,.295,.125,.135,.220,.224,,.472,.567,.412,.405,.421,.359,,.577,.930,,.044,77,,.213,.495,,4,0,2008
258,Cleveland Cavaliers,13,3120,.420,14.0,,.738,.273,.106,.102,.258,.262,,.446,.601,.324,.327,.379,.345,,.596,.839,,.043,38,,.254,.359,,3,0,2008
259,Dallas Mavericks,5,1200,.401,13.3,,.736,.284,.066,.168,.218,.264,,.421,.545,.385,.288,.372,.346,,.533,.889,,.069,24,,.356,.162,,1,0,2008
260,Denver Nuggets,4,960,.427,10.9,,.797,.418,.071,.113,.195,.203,,.472,.547,.480,.375,.362,.250,,.436,.889,,.088,28,,.153,.364,,0,0,2008
261,Detroit Pistons,17,4080,.455,13.3,,.821,.251,.087,.189,.295,.179,,.480,.616,.409,.452,.402,.341,,.569,.844,,.035,43,,.186,.310,,3,0,2008
262,Houston Rockets,6,1440,.409,12.2,,.746,.354,.133,.055,.203,.254,,.449,.527,.365,.231,.427,.292,,.411,.800,,.023,11,,.225,.444,,3,0,2008
263,Los Angeles Lakers,21,5065,.468,12.3,,.759,.331,.127,.098,.204,.241,,.500,.625,.455,.379,.383,.367,,.511,.795,,.070,105,,.244,.464,,5,0,2008
264,New Orleans Hornets,12,2880,.464,11.9,,.827,.275,.168,.151,.234,.173,,.475,.592,.454,.422,.388,.411,,.442,.899,,.053,46,,.298,.460,,1,0,2008
265,Orlando Magic,10,2400,.469,12.4,,.664,.361,.102,.089,.113,.336,,.527,.610,.429,.388,.459,.356,,.352,.900,,.081,57,,.344,.391,,2,0,2008
266,Philadelphia 76ers,6,1440,.417,10.1,,.895,.406,.092,.152,.246,.105,,.439,.522,.293,.368,.400,.234,,.483,.909,,.065,26,,.191,.333,,3,0,2008
267,Phoenix Suns,5,1250,.461,11.6,,.820,.301,.187,.141,.192,.180,,.488,.581,.429,.448,.430,.338,,.442,.840,,.053,19,,.311,.261,,2,0,2008
268,San Antonio Spurs,17,4130,.446,12.9,,.748,.266,.155,.121,.207,.252,,.469,.614,.395,.396,.382,.375,,.492,.875,,.015,20,,.361,.423,,1,0,2008
269,Toronto Raptors,5,1200,.435,14.6,,.720,.255,.072,.110,.283,.280,,.468,.596,.387,.404,.397,.350,,.563,.929,,.049,18,,.283,.441,,3,0,2008
270,Utah Jazz,12,2905,.445,11.8,,.796,.368,.091,.096,.242,.204,,.469,.607,.315,.362,.361,.350,,.559,.743,,.047,40,,.155,.355,,4,0,2008
271,Washington Wizards,6,1440,.426,13.0,,.738,.286,.169,.067,.217,.262,,.468,.612,.447,.267,.357,.305,,.449,.667,,.051,23,,.246,.241,,1,0,2008
272,Chicago Bulls,10,2400,.430,13.6,,.780,.259,.098,.118,.306,.220,,.451,.546,.324,.427,.420,.355,,.594,.814,,.046,34,,.247,.439,,1,0,2007
273,Cleveland Cavaliers,20,4850,.421,12.6,,.783,.299,.121,.141,.222,.217,,.447,.583,.346,.326,.395,.326,,.487,.833,,.037,53,,.332,.355,,8,0,2007
274,Dallas Mavericks,6,1440,.423,14.0,,.726,.241,.113,.140,.231,.274,,.463,.667,.345,.382,.357,.316,,.423,.905,,.019,9,,.308,.341,,2,0,2007
275,Denver Nuggets,5,1200,.423,10.7,,.819,.385,.093,.169,.171,.181,,.446,.575,.297,.269,.412,.319,,.476,.826,,.068,23,,.208,.333,,0,0,2007
276,Detroit Pistons,16,3890,.430,13.5,,.781,.255,.079,.205,.243,.219,,.453,.568,.417,.422,.369,.350,,.567,.839,,.051,58,,.282,.360,,1,0,2007
277,Golden State Warriors,11,2665,.450,13.9,,.618,.323,.074,.074,.148,.382,,.507,.628,.288,.409,.402,.358,,.329,.795,,.046,40,,.323,.345,,2,1,2007
278,Houston Rockets,7,1680,.410,14.0,,.692,.239,.134,.146,.174,.308,,.450,.620,.426,.351,.318,.321,,.532,.860,,.022,11,,.308,.375,,1,0,2007
279,Los Angeles Lakers,5,1200,.442,12.0,,.770,.323,.172,.088,.186,.230,,.477,.612,.365,.289,.438,.323,,.329,.625,,.047,18,,.192,.579,,1,0,2007
280,Miami Heat,4,960,.445,11.9,,.773,.314,.174,.087,.197,.227,,.481,.638,.404,.462,.305,.324,,.441,1.000,,.090,24,,.294,.300,,1,0,2007
281,New Jersey Nets,12,2880,.444,13.1,,.716,.332,.074,.074,.236,.284,,.475,.592,.431,.262,.389,.368,,.625,.967,,.072,56,,.300,.467,,2,0,2007
282,Orlando Magic,4,960,.478,9.8,,.900,.405,.093,.159,.242,.100,,.492,.598,.519,.261,.457,.345,,.492,.900,,.093,26,,.448,.538,,0,0,2007
283,Phoenix Suns,11,2640,.477,12.0,,.771,.321,.133,.143,.173,.229,,.506,.633,.442,.388,.417,.379,,.561,.769,,.054,46,,.296,.426,,3,0,2007
284,San Antonio Spurs,20,4800,.459,12.4,,.744,.288,.164,.120,.172,.256,,.485,.629,.421,.413,.356,.384,,.462,.934,,.031,41,,.420,.485,,2,0,2007
285,Toronto Raptors,6,1440,.442,14.4,,.803,.234,.075,.122,.372,.197,,.460,.495,.424,.481,.439,.368,,.411,.938,,.027,10,,.253,.500,,3,0,2007
286,Utah Jazz,17,4105,.459,11.7,,.841,.323,.127,.127,.264,.159,,.481,.599,.424,.390,.407,.341,,.564,.945,,.031,40,,.164,.314,,3,0,2007
287,Washington Wizards,4,960,.413,13.0,,.753,.280,.157,.105,.211,.247,,.448,.602,.346,.343,.371,.305,,.446,1.000,,.030,8,,.293,.333,,0,0,2007
288,Chicago Bulls,6,1440,.445,13.8,,.740,.255,.100,.114,.271,.260,,.463,.556,.478,.365,.411,.395,,.452,.830,,.015,7,,.244,.448,,0,0,2006
289,Cleveland Cavaliers,13,3170,.437,11.1,,.828,.378,.101,.130,.218,.172,,.462,.635,.337,.300,.317,.320,,.455,.655,,.048,44,,.366,.349,,1,0,2006
290,Dallas Mavericks,23,5620,.451,12.1,,.812,.275,.142,.188,.207,.188,,.482,.589,.379,.447,.444,.317,,.347,.918,,.039,66,,.303,.362,,2,0,2006
291,Denver Nuggets,5,1200,.380,12.1,,.841,.301,.112,.124,.305,.159,,.410,.558,.375,.264,.336,.221,,.581,.867,,.042,15,,.191,.154,,1,0,2006
292,Detroit Pistons,18,4320,.432,13.4,,.751,.258,.087,.203,.203,.249,,.452,.597,.410,.332,.404,.372,,.526,.782,,.040,48,,.324,.306,,2,1,2006
293,Indiana Pacers,6,1440,.443,13.7,,.723,.254,.107,.161,.201,.277,,.482,.542,.533,.456,.400,.342,,.503,.825,,.038,16,,.239,.464,,0,0,2006
294,Los Angeles Clippers,12,2930,.491,12.0,,.852,.271,.151,.195,.235,.148,,.511,.673,.432,.455,.421,.378,,.481,.852,,.043,39,,.182,.385,,2,0,2006
295,Los Angeles Lakers,7,1730,.454,12.5,,.742,.306,.177,.100,.160,.258,,.495,.697,.359,.345,.355,.333,,.388,.740,,.043,23,,.200,.333,,2,0,2006
296,Memphis Grizzlies,4,985,.451,10.4,,.820,.346,.207,.083,.184,.180,,.482,.576,.455,.500,.327,.313,,.410,.867,,.045,11,,.229,.455,,0,0,2006
297,Miami Heat,23,5545,.481,11.9,,.736,.328,.160,.088,.160,.264,,.534,.658,.438,.425,.434,.333,,.417,.884,,.078,124,,.292,.344,,7,0,2006
298,Milwaukee Bucks,5,1200,.471,11.2,,.845,.339,.095,.187,.224,.155,,.481,.559,.579,.453,.344,.419,,.515,.808,,.050,19,,.306,.579,,0,0,2006
299,New Jersey Nets,11,2640,.452,12.6,,.770,.303,.135,.092,.239,.230,,.495,.605,.425,.468,.407,.307,,.591,.932,,.050,41,,.286,.364,,2,0,2006
300,Phoenix Suns,20,4900,.482,12.6,,.717,.320,.118,.124,.155,.283,,.518,.648,.403,.447,.395,.391,,.496,.880,,.043,67,,.240,.434,,3,0,2006
301,Sacramento Kings,6,1465,.443,12.1,,.800,.301,.162,.094,.243,.200,,.472,.617,.447,.409,.333,.330,,.390,.742,,.045,15,,.245,.261,,1,0,2006
302,San Antonio Spurs,13,3195,.492,11.2,,.793,.313,.213,.094,.173,.207,,.518,.671,.420,.374,.443,.392,,.391,.923,,.035,32,,.352,.414,,0,0,2006
303,Washington Wizards,6,1490,.449,12.9,,.756,.292,.167,.074,.222,.244,,.490,.645,.342,.514,.390,.322,,.440,.757,,.047,22,,.191,.409,,1,0,2006
304,Boston Celtics,7,1705,.442,11.1,,.800,.350,.190,.085,.175,.200,,.471,.522,.414,.386,.473,.327,,.439,.882,,.037,19,,.269,.393,,0,0,2005
305,Chicago Bulls,6,1440,.419,13.3,,.726,.268,.154,.120,.185,.274,,.431,.529,.346,.443,.351,.388,,.560,.759,,.031,15,,.259,.389,,0,0,2005
306,Dallas Mavericks,13,3145,.452,12.4,,.793,.307,.102,.152,.231,.207,,.472,.512,.473,.476,.415,.379,,.391,.779,,.048,43,,.225,.431,,4,0,2005
307,Denver Nuggets,5,1225,.417,10.1,,.893,.344,.173,.170,.206,.107,,.436,.563,.353,.463,.272,.262,,.471,.909,,.053,19,,.405,.412,,0,0,2005
308,Detroit Pistons,25,6050,.437,11.8,,.824,.299,.120,.206,.199,.176,,.461,.567,.371,.424,.394,.326,,.555,.850,,.062,110,,.311,.269,,3,0,2005
309,Houston Rockets,7,1680,.466,12.3,,.764,.337,.118,.070,.240,.236,,.485,.582,.468,.324,.405,.403,,.446,.780,,.061,31,,.282,.400,,1,0,2005
310,Indiana Pacers,13,3145,.395,12.8,,.757,.285,.135,.140,.197,.243,,.421,.515,.320,.421,.353,.316,,.560,.890,,.039,34,,.260,.367,,1,0,2005
311,Memphis Grizzlies,4,960,.473,12.0,,.775,.311,.171,.117,.177,.225,,.496,.596,.500,.220,.500,.392,,.444,.774,,.057,19,,.165,.308,,3,0,2005
312,Miami Heat,15,3650,.492,12.0,,.789,.307,.148,.116,.218,.211,,.520,.685,.383,.465,.410,.388,,.464,.833,,.091,94,,.263,.426,,1,0,2005
313,New Jersey Nets,4,1010,.395,13.2,,.746,.280,.121,.118,.227,.254,,.431,.526,.390,.350,.377,.291,,.560,.960,,.047,14,,.209,.111,,1,0,2005
314,Philadelphia 76ers,5,1225,.437,13.1,,.756,.309,.080,.118,.249,.244,,.468,.561,.375,.447,.394,.340,,.518,.788,,.058,21,,.289,.214,,1,0,2005
315,Phoenix Suns,15,3625,.493,11.2,,.767,.351,.153,.134,.131,.233,,.510,.599,.448,.441,.416,.436,,.392,.868,,.078,86,,.267,.481,,5,0,2005
316,Sacramento Kings,5,1200,.445,13.8,,.759,.248,.121,.088,.302,.241,,.498,.626,.481,.395,.431,.279,,.466,.862,,.021,8,,.183,.263,,1,0,2005
317,San Antonio Spurs,23,5570,.454,11.4,,.760,.310,.213,.105,.132,.240,,.474,.629,.400,.292,.375,.389,,.434,.902,,.047,74,,.351,.446,,5,1,2005
318,Seattle Supersonics,11,2640,.458,11.4,,.797,.295,.209,.141,.153,.203,,.496,.665,.416,.367,.400,.306,,.421,.679,,.056,43,,.162,.286,,3,1,2005
319,Washington Wizards,10,2400,.425,13.1,,.772,.253,.154,.127,.238,.228,,.462,.660,.339,.352,.391,.298,,.437,.768,,.052,42,,.197,.405,,0,0,2005
320,Boston Celtics,4,960,.408,12.7,,.777,.323,.110,.131,.213,.223,,.429,.527,.355,.378,.350,.333,,.553,.857,,.046,12,,.206,.538,,1,0,2004
321,Dallas Mavericks,5,1200,.396,11.0,,.820,.317,.191,.110,.201,.180,,.420,.510,.391,.226,.412,.287,,.488,.880,,.023,11,,.253,.364,,0,0,2004
322,Denver Nuggets,5,1200,.427,12.1,,.851,.310,.089,.149,.303,.149,,.442,.600,.282,.308,.394,.338,,.530,.682,,.057,23,,.108,.143,,2,0,2004
323,Detroit Pistons,23,5620,.412,11.4,,.818,.332,.131,.164,.192,.182,,.436,.560,.306,.413,.327,.304,,.595,.773,,.063,97,,.270,.384,,2,0,2004
324,Houston Rockets,5,1225,.427,12.6,,.796,.255,.180,.134,.226,.204,,.459,.674,.313,.360,.393,.303,,.493,.826,,.043,16,,.303,.391,,1,0,2004
325,Indiana Pacers,16,3840,.408,12.5,,.763,.292,.135,.161,.176,.237,,.432,.575,.358,.352,.322,.333,,.508,.895,,.045,48,,.270,.377,,1,0,2004
326,Los Angeles Lakers,22,5330,.444,12.0,,.793,.306,.148,.135,.204,.207,,.476,.643,.409,.357,.352,.321,,.639,.945,,.067,103,,.253,.256,,4,0,2004
327,Memphis Grizzlies,4,960,.424,10.7,,.824,.324,.210,.114,.176,.176,,.452,.596,.393,.394,.294,.294,,.407,.933,,.048,13,,.294,.200,,1,0,2004
328,Miami Heat,13,3120,.408,12.3,,.821,.302,.116,.135,.267,.179,,.437,.534,.434,.382,.358,.276,,.479,.938,,.038,34,,.172,.367,,4,0,2004
329,Milwaukee Bucks,5,1200,.416,11.5,,.815,.355,.085,.144,.231,.185,,.435,.486,.455,.286,.444,.333,,.601,.833,,.057,22,,.375,.370,,0,0,2004
330,Minnesota Timberwolves,18,4345,.441,13.5,,.802,.215,.136,.173,.278,.198,,.454,.594,.344,.454,.399,.387,,.519,.802,,.028,37,,.270,.378,,5,0,2004
331,New Jersey Nets,11,2715,.423,11.7,,.775,.373,.096,.091,.215,.225,,.467,.582,.325,.397,.360,.272,,.628,.878,,.079,57,,.228,.293,,2,0,2004
332,New Orleans Hornets,7,1680,.384,13.4,,.757,.262,.103,.152,.240,.243,,.406,.550,.273,.358,.336,.315,,.622,.805,,.036,18,,.138,.278,,0,0,2004
333,New York Knicks,4,960,.384,12.0,,.819,.281,.144,.153,.241,.181,,.405,.533,.304,.408,.312,.293,,.613,.765,,.025,8,,.241,.357,,0,0,2004
334,Sacramento Kings,12,2905,.425,12.5,,.798,.298,.139,.075,.285,.202,,.445,.562,.341,.360,.394,.348,,.592,.929,,.047,43,,.343,.348,,2,0,2004
335,San Antonio Spurs,10,2400,.440,12.7,,.752,.252,.176,.136,.188,.248,,.464,.609,.433,.337,.392,.365,,.515,.826,,.035,22,,.328,.355,,0,0,2004
336,Boston Celtics,10,2475,.422,13.6,,.693,.292,.114,.109,.178,.307,,.453,.584,.333,.326,.390,.354,,.544,.837,,.032,25,,.296,.403,,2,0,2003
337,Dallas Mavericks,20,4850,.450,13.5,,.731,.233,.149,.144,.205,.269,,.469,.641,.395,.435,.351,.397,,.449,.777,,.028,42,,.225,.385,,3,0,2003
338,Detroit Pistons,17,4130,.410,13.6,,.742,.248,.126,.152,.216,.258,,.430,.563,.399,.298,.387,.352,,.543,.746,,.040,46,,.231,.347,,2,0,2003
339,Indiana Pacers,6,1465,.388,13.4,,.773,.264,.129,.137,.242,.227,,.417,.585,.367,.359,.292,.292,,.633,.774,,.039,17,,.198,.286,,0,0,2003
340,Los Angeles Lakers,12,2905,.448,12.8,,.760,.252,.190,.132,.186,.240,,.478,.643,.368,.439,.392,.354,,.515,.753,,.073,69,,.246,.441,,1,0,2003
341,Milwaukee Bucks,6,1465,.459,12.2,,.786,.298,.109,.199,.180,.214,,.483,.585,.365,.442,.430,.373,,.481,.895,,.013,6,,.176,.556,,1,0,2003
342,Minnesota Timberwolves,6,1465,.463,13.3,,.827,.208,.154,.187,.278,.173,,.490,.634,.413,.407,.481,.333,,.579,.643,,.014,6,,.202,.353,,0,0,2003
343,New Jersey Nets,20,4875,.425,11.3,,.835,.341,.135,.127,.232,.165,,.439,.544,.376,.319,.389,.350,,.585,.860,,.065,91,,.165,.432,,7,0,2003
344,New Orleans Hornets,6,1440,.438,12.0,,.778,.328,.093,.181,.175,.222,,.458,.592,.349,.405,.321,.369,,.558,.737,,.037,16,,.204,.381,,1,0,2003
345,Orlando Magic,7,1680,.424,13.2,,.777,.303,.094,.080,.301,.223,,.455,.561,.354,.366,.403,.316,,.486,.667,,.043,18,,.228,.231,,1,0,2003
346,Philadelphia 76ers,12,2930,.443,11.1,,.859,.357,.099,.143,.261,.141,,.458,.545,.433,.377,.395,.352,,.535,.778,,.035,30,,.234,.300,,0,0,2003
347,Phoenix Suns,6,1465,.386,11.3,,.813,.325,.153,.165,.169,.187,,.407,.509,.377,.313,.329,.298,,.446,.821,,.046,20,,.330,.323,,1,0,2003
348,Portland Trail Blazers,7,1680,.461,11.3,,.785,.322,.177,.101,.184,.215,,.486,.612,.429,.429,.353,.370,,.602,.818,,.069,33,,.286,.412,,2,0,2003
349,Sacramento Kings,12,2930,.459,12.3,,.785,.290,.164,.081,.250,.215,,.484,.624,.446,.398,.375,.367,,.508,.901,,.023,23,,.362,.400,,2,0,2003
350,San Antonio Spurs,24,5785,.441,11.4,,.802,.302,.192,.134,.174,.198,,.463,.599,.414,.344,.374,.351,,.545,.969,,.055,87,,.405,.365,,4,0,2003
351,Utah Jazz,5,1200,.434,12.0,,.913,.252,.175,.136,.350,.087,,.451,.663,.412,.321,.368,.265,,.613,.778,,.039,15,,.118,.250,,1,0,2003
352,Boston Celtics,16,3840,.418,12.9,,.708,.321,.104,.128,.154,.292,,.449,.573,.298,.317,.404,.343,,.501,.794,,.029,34,,.229,.333,,0,0,2002
353,Charlotte Hornets,9,2210,.421,11.1,,.849,.343,.125,.154,.228,.151,,.431,.552,.374,.357,.331,.364,,.551,.725,,.051,33,,.164,.222,,2,0,2002
354,Dallas Mavericks,8,1945,.452,12.9,,.749,.244,.173,.138,.193,.251,,.476,.570,.475,.381,.426,.379,,.442,.687,,.045,31,,.181,.375,,2,0,2002
355,Detroit Pistons,10,2400,.399,13.8,,.693,.276,.113,.125,.179,.307,,.420,.532,.361,.337,.341,.354,,.537,.900,,.042,26,,.292,.348,,1,0,2002
356,Indiana Pacers,5,1250,.458,13.0,,.845,.237,.132,.192,.284,.155,,.467,.567,.420,.452,.417,.407,,.587,.750,,.061,21,,.186,.273,,0,0,2002
357,Los Angeles Lakers,19,4585,.444,11.6,,.776,.290,.222,.119,.145,.224,,.474,.637,.386,.357,.378,.339,,.480,.888,,.090,125,,.281,.365,,2,0,2002
358,Minnesota Timberwolves,3,720,.444,11.1,,.844,.263,.259,.111,.210,.156,,.454,.609,.381,.407,.373,.395,,.419,.600,,.029,7,,.289,.364,,0,0,2002
359,New Jersey Nets,20,4850,.432,11.8,,.824,.318,.132,.142,.232,.176,,.464,.587,.379,.374,.397,.285,,.554,.904,,.051,81,,.141,.415,,2,0,2002
360,Orlando Magic,4,1010,.424,12.9,,.790,.306,.073,.121,.290,.210,,.468,.552,.217,.526,.418,.258,,.534,.941,,.016,5,,.167,.364,,0,0,2002
361,Philadelphia 76ers,5,1200,.413,12.9,,.823,.264,.103,.182,.274,.177,,.436,.546,.342,.448,.356,.308,,.614,.800,,.024,9,,.154,.500,,0,0,2002
362,Portland Trail Blazers,3,720,.382,12.1,,.780,.276,.167,.163,.175,.220,,.385,.559,.390,.250,.233,.370,,.581,.950,,.057,11,,.259,.500,,0,0,2002
363,Sacramento Kings,16,3890,.448,11.9,,.804,.308,.162,.067,.266,.196,,.482,.618,.407,.393,.393,.309,,.501,.925,,.049,61,,.375,.351,,1,0,2002
364,San Antonio Spurs,10,2400,.432,11.8,,.807,.270,.177,.182,.177,.193,,.454,.680,.378,.324,.319,.340,,.452,.860,,.043,29,,.415,.361,,2,0,2002
365,Seattle Supersonics,5,1200,.430,12.0,,.847,.224,.216,.183,.224,.153,,.436,.663,.326,.315,.416,.393,,.442,.917,,.035,12,,.164,.700,,0,0,2002
366,Toronto Raptors,5,1200,.422,12.2,,.863,.295,.067,.215,.285,.137,,.438,.553,.423,.422,.336,.321,,.630,.765,,.047,15,,.132,.143,,0,0,2002
367,Utah Jazz,4,960,.415,12.1,,.855,.280,.135,.154,.286,.145,,.434,.596,.372,.327,.363,.304,,.678,.857,,.050,16,,.217,.500,,1,0,2002
